age,workclass,education,educationno,maritalstatus,occupation,relationship,race,sex,capitalgain,capitalloss,hoursperweek,native,salary
52,Federal-gov,Bachelors,3,Married-civ-spouse,Transport-moving,Other-relative,White,Male,6481,190,87,France,>50K
45,Federal-gov,11th,12,Separated,Exec-managerial,Not-in-family,White,Female,1815,1581,52,Cambodia,<=50K
38,Local-gov,10th,14,Married-AF-spouse,Prof-specialty,Unmarried,White,Female,2503,3037,23,Cuba,<=50K
42,Never-worked,12th,8,Separated,Prof-specialty,Unmarried,Other,Male,2243,2216,79,Hong,<=50K
71,Self-emp-not-inc,HS-grad,8,Separated,Machine-op-inspct,Unmarried,Asian-Pac-Islander,Female,3462,3856,4,Taiwan,<=50K
71,State-gov,HS-grad,9,Married-AF-spouse,Craft-repair,Husband,White,Female,1646,2597,53,Hong,>50K
71,Federal-gov,Doctorate,8,Widowed,Farming-fishing,Not-in-family,Asian-Pac-Islander,Male,9135,4652,92,Italy,<=50K
73,Local-gov,HS-grad,15,Married-AF-spouse,Handlers-cleaners,Own-child,Black,Female,1206,2523,12,Scotland,>50K
28,Federal-gov,Prof-school,1,Widowed,Tech-support,Unmarried,Asian-Pac-Islander,Female,8570,2696,63,Cambodia,<=50K
40,Without-pay,11th,12,Widowed,Tech-support,Other-relative,Other,Male,9172,1135,62,Cambodia,>50K
64,State-gov,Doctorate,3,Never-married,Adm-clerical,Unmarried,Amer-Indian-Eskimo,Female,9150,3034,92,Poland,>50K
20,Never-worked,9th,1,Divorced,Tech-support,Husband,White,Male,71,4113,79,Peru,>50K
34,Local-gov,Masters,14,Never-married,Prof-specialty,Other-relative,Black,Male,5571,781,84,Laos,>50K
31,Without-pay,10th,12,Never-married,Farming-fishing,Not-in-family,Amer-Indian-Eskimo,Female,2408,221,43,Haiti,>50K
40,Local-gov,Some-college,5,Married-civ-spouse,Exec-managerial,Unmarried,White,Male,8722,2501,68,India,>50K
35,Private,Assoc-acdm,2,Widowed,Machine-op-inspct,Husband,Black,Male,5393,2237,45,Ecuador,<=50K
56,Private,1st-4th,5,Divorced,Priv-house-serv,Wife,Asian-Pac-Islander,Female,9661,4650,10,Cuba,>50K
28,Never-worked,Some-college,9,Married-AF-spouse,Transport-moving,Other-relative,Black,Female,8871,2588,35,Greece,<=50K
27,Local-gov,11th,8,Married-AF-spouse,Transport-moving,Unmarried,Black,Male,5720,2712,14,Cambodia,>50K
23,Without-pay,Doctorate,7,Separated,Adm-clerical,Husband,Asian-Pac-Islander,Female,675,803,42,Trinadad&Tobago,>50K
94,Private,1st-4th,15,Married-spouse-absent,Protective-serv,Wife,White,Male,4521,1411,89,Honduras,>50K
50,Never-worked,Bachelors,13,Married-AF-spouse,Prof-specialty,Not-in-family,Other,Female,3078,428,87,Cuba,>50K
19,Self-emp-inc,10th,11,Divorced,Tech-support,Husband,Amer-Indian-Eskimo,Male,3856,2096,97,Guatemala,<=50K
46,Self-emp-inc,1st-4th,7,Widowed,Adm-clerical,Wife,Amer-Indian-Eskimo,Male,5127,951,96,Jamaica,<=50K
59,Self-emp-inc,Doctorate,1,Separated,Exec-managerial,Unmarried,White,Female,8131,4295,99,Thailand,<=50K
87,Never-worked,Assoc-acdm,12,Widowed,Transport-moving,Husband,Black,Male,5308,3061,26,Nicaragua,<=50K
62,Without-pay,1st-4th,14,Separated,Sales,Unmarried,Amer-Indian-Eskimo,Female,7951,343,40,El-Salvador,>50K
94,Self-emp-inc,5th-6th,6,Divorced,Exec-managerial,Not-in-family,Amer-Indian-Eskimo,Male,6385,1409,95,Scotland,>50K
44,State-gov,10th,10,Separated,Protective-serv,Own-child,White,Female,4143,1597,6,England,>50K
43,Local-gov,Some-college,11,Married-AF-spouse,Prof-specialty,Own-child,Asian-Pac-Islander,Female,1807,4621,54,Cuba,>50K
87,Federal-gov,Bachelors,12,Divorced,Adm-clerical,Own-child,Black,Female,5831,4296,5,Scotland,<=50K
81,Self-emp-not-inc,1st-4th,2,Married-AF-spouse,Transport-moving,Other-relative,Black,Male,2102,3097,35,China,<=50K
53,State-gov,Assoc-voc,9,Married-civ-spouse,Transport-moving,Unmarried,Black,Male,3276,4055,29,Iran,>50K
85,Never-worked,Preschool,7,Married-civ-spouse,Craft-repair,Wife,Amer-Indian-Eskimo,Female,6090,4372,90,Yugoslavia,<=50K
34,Without-pay,Preschool,11,Widowed,Sales,Unmarried,Amer-Indian-Eskimo,Male,2437,2930,98,Ireland,<=50K
25,Local-gov,Preschool,1,Divorced,Adm-clerical,Unmarried,Asian-Pac-Islander,Male,7034,2378,64,Scotland,<=50K
81,Self-emp-inc,7th-8th,9,Divorced,Protective-serv,Wife,Amer-Indian-Eskimo,Male,7726,825,12,Japan,<=50K
95,Self-emp-inc,11th,9,Married-spouse-absent,Exec-managerial,Unmarried,Other,Male,9395,3908,78,Taiwan,>50K
44,Without-pay,HS-grad,5,Divorced,Farming-fishing,Wife,Black,Female,3318,3434,46,Cambodia,<=50K
38,Self-emp-inc,9th,12,Widowed,Priv-house-serv,Unmarried,Asian-Pac-Islander,Male,9309,4555,10,Portugal,<=50K
95,Federal-gov,1st-4th,1,Married-AF-spouse,Transport-moving,Unmarried,Other,Female,6753,235,68,Italy,>50K
19,Federal-gov,1st-4th,2,Married-spouse-absent,Farming-fishing,Husband,Black,Male,7060,1664,20,Ireland,<=50K
71,Local-gov,11th,14,Never-married,Craft-repair,Own-child,Black,Female,9740,127,23,Poland,>50K
95,Local-gov,Masters,11,Married-civ-spouse,Prof-specialty,Own-child,White,Female,9106,1246,11,Canada,<=50K
22,Self-emp-inc,Prof-school,12,Married-AF-spouse,Priv-house-serv,Wife,Amer-Indian-Eskimo,Male,5046,2281,37,El-Salvador,>50K
85,Self-emp-inc,7th-8th,4,Married-civ-spouse,Armed-Forces,Husband,Asian-Pac-Islander,Female,6591,4706,83,France,<=50K
98,Federal-gov,HS-grad,13,Divorced,Protective-serv,Other-relative,Amer-Indian-Eskimo,Male,7018,2262,78,England,<=50K
91,Federal-gov,11th,10,Divorced,Priv-house-serv,Wife,White,Female,8617,2774,17,Iran,<=50K
73,Without-pay,11th,12,Separated,Farming-fishing,Not-in-family,Black,Male,2729,1944,40,Cuba,<=50K
95,Without-pay,5th-6th,14,Separated,Adm-clerical,Husband,Black,Female,6939,1188,89,Philippines,<=50K
93,Private,12th,6,Married-AF-spouse,Sales,Own-child,Amer-Indian-Eskimo,Female,9577,4974,63,Thailand,>50K
52,Self-emp-inc,Assoc-voc,6,Never-married,Other-service,Wife,Amer-Indian-Eskimo,Female,1878,139,68,Poland,<=50K
42,Federal-gov,12th,13,Married-spouse-absent,Machine-op-inspct,Wife,Black,Female,6438,1129,94,Peru,>50K
66,Without-pay,11th,7,Divorced,Armed-Forces,Husband,Asian-Pac-Islander,Male,1313,4193,40,Japan,>50K
61,Local-gov,7th-8th,10,Married-spouse-absent,Handlers-cleaners,Not-in-family,Black,Male,1980,1633,41,Guatemala,<=50K
48,Private,HS-grad,13,Never-married,Craft-repair,Other-relative,White,Female,5902,4217,62,Germany,>50K
43,Without-pay,HS-grad,15,Never-married,Sales,Other-relative,White,Female,2936,1200,76,Japan,<=50K
55,Private,11th,12,Married-AF-spouse,Craft-repair,Own-child,Black,Male,1763,3904,83,India,<=50K
21,Self-emp-inc,10th,7,Divorced,Handlers-cleaners,Not-in-family,White,Female,1346,416,89,Columbia,>50K
24,Never-worked,10th,11,Never-married,Other-service,Own-child,White,Female,743,215,92,France,>50K
69,Self-emp-not-inc,Preschool,7,Married-spouse-absent,Farming-fishing,Not-in-family,Other,Male,2310,4296,47,Canada,<=50K
33,Private,9th,6,Married-spouse-absent,Farming-fishing,Unmarried,Amer-Indian-Eskimo,Female,6407,322,39,Hungary,<=50K
75,State-gov,11th,9,Widowed,Transport-moving,Husband,Other,Male,3141,1014,89,Vietnam,<=50K
43,State-gov,Preschool,3,Never-married,Farming-fishing,Own-child,Amer-Indian-Eskimo,Female,7892,440,73,Trinadad&Tobago,>50K
62,State-gov,11th,3,Divorced,Tech-support,Other-relative,White,Male,729,2686,62,Japan,<=50K
57,State-gov,10th,5,Widowed,Protective-serv,Other-relative,Asian-Pac-Islander,Female,967,94,52,China,>50K
64,Federal-gov,5th-6th,5,Divorced,Prof-specialty,Other-relative,Black,Female,6506,1662,34,Greece,<=50K
67,Never-worked,Masters,10,Married-civ-spouse,Armed-Forces,Husband,White,Male,6405,1598,10,Puerto-Rico,>50K
35,Self-emp-inc,Assoc-acdm,7,Married-spouse-absent,Armed-Forces,Other-relative,Other,Female,88,1520,78,United-States,<=50K
20,State-gov,7th-8th,9,Married-civ-spouse,Adm-clerical,Unmarried,White,Female,498,3163,24,Greece,<=50K
60,Self-emp-inc,12th,1,Divorced,Farming-fishing,Wife,Amer-Indian-Eskimo,Female,51,3856,26,El-Salvador,<=50K
97,Federal-gov,7th-8th,3,Married-AF-spouse,Tech-support,Husband,White,Female,6135,1703,16,Thailand,<=50K
98,State-gov,Doctorate,13,Widowed,Craft-repair,Wife,Asian-Pac-Islander,Male,682,1511,39,Canada,<=50K
72,Self-emp-not-inc,5th-6th,10,Divorced,Tech-support,Wife,Asian-Pac-Islander,Female,6549,624,44,Greece,<=50K
82,Local-gov,5th-6th,6,Married-AF-spouse,Prof-specialty,Own-child,Other,Male,467,1534,79,Haiti,>50K
39,Self-emp-inc,Prof-school,11,Never-married,Tech-support,Other-relative,Asian-Pac-Islander,Female,4118,2813,47,Ireland,>50K
18,Local-gov,Assoc-voc,7,Never-married,Adm-clerical,Not-in-family,Black,Female,5132,2144,86,Ecuador,>50K
82,Never-worked,1st-4th,9,Never-married,Other-service,Other-relative,Amer-Indian-Eskimo,Female,1298,3167,21,Columbia,>50K
76,Federal-gov,HS-grad,10,Divorced,Transport-moving,Unmarried,Amer-Indian-Eskimo,Male,5204,1274,58,Hong,<=50K
70,Without-pay,9th,10,Married-AF-spouse,Sales,Other-relative,Amer-Indian-Eskimo,Female,4092,3610,20,Portugal,<=50K
84,Self-emp-not-inc,HS-grad,14,Married-AF-spouse,Handlers-cleaners,Own-child,White,Female,4013,4735,14,Ecuador,<=50K
93,Federal-gov,Preschool,5,Married-AF-spouse,Protective-serv,Unmarried,Amer-Indian-Eskimo,Male,4700,2787,8,South,>50K
84,Private,5th-6th,2,Married-spouse-absent,Protective-serv,Other-relative,Asian-Pac-Islander,Male,2112,4911,56,South,<=50K
57,Self-emp-inc,1st-4th,15,Divorced,Protective-serv,Unmarried,Asian-Pac-Islander,Male,2091,599,16,Hong,<=50K
35,State-gov,Prof-school,14,Separated,Exec-managerial,Husband,Amer-Indian-Eskimo,Female,3812,2475,6,Haiti,>50K
31,Self-emp-not-inc,7th-8th,13,Married-AF-spouse,Transport-moving,Own-child,White,Female,6471,220,57,United-States,>50K
59,State-gov,HS-grad,11,Separated,Craft-repair,Not-in-family,Other,Male,4666,3533,52,Germany,>50K
77,Private,9th,9,Married-AF-spouse,Other-service,Unmarried,Black,Female,4340,1082,27,Laos,>50K
79,Local-gov,Doctorate,4,Never-married,Prof-specialty,Unmarried,Asian-Pac-Islander,Female,9406,170,37,Haiti,<=50K
45,Never-worked,Doctorate,7,Married-AF-spouse,Sales,Husband,White,Male,557,2193,2,Thailand,<=50K
71,Local-gov,Doctorate,11,Married-spouse-absent,Prof-specialty,Other-relative,Amer-Indian-Eskimo,Female,1595,2562,56,China,<=50K
87,Private,11th,7,Married-spouse-absent,Adm-clerical,Own-child,White,Female,7009,4782,60,United-States,>50K
38,Self-emp-not-inc,HS-grad,11,Widowed,Adm-clerical,Husband,Black,Male,4627,230,65,Outlying-US(Guam-USVI-etc),<=50K
30,Without-pay,Masters,12,Separated,Protective-serv,Not-in-family,Asian-Pac-Islander,Female,7991,3007,64,Outlying-US(Guam-USVI-etc),<=50K
44,Private,11th,2,Divorced,Exec-managerial,Husband,Asian-Pac-Islander,Male,1636,1077,22,Portugal,>50K
87,Private,Masters,6,Married-AF-spouse,Prof-specialty,Own-child,Black,Female,3565,3823,65,South,<=50K
18,Never-worked,5th-6th,7,Married-AF-spouse,Priv-house-serv,Unmarried,Amer-Indian-Eskimo,Female,1088,2388,6,Peru,<=50K
19,Local-gov,Bachelors,1,Married-spouse-absent,Armed-Forces,Other-relative,Asian-Pac-Islander,Male,5585,4404,48,Scotland,<=50K
60,Private,Assoc-voc,10,Separated,Transport-moving,Wife,White,Male,5044,4059,72,Canada,>50K
66,Federal-gov,Masters,6,Widowed,Tech-support,Own-child,Other,Male,2624,1405,36,Portugal,>50K
96,Without-pay,Assoc-acdm,2,Widowed,Tech-support,Other-relative,White,Male,8820,1818,39,United-States,<=50K
54,Self-emp-inc,HS-grad,14,Widowed,Machine-op-inspct,Other-relative,Asian-Pac-Islander,Female,2464,1248,99,Scotland,<=50K
77,Without-pay,7th-8th,1,Never-married,Handlers-cleaners,Other-relative,Asian-Pac-Islander,Female,8863,2080,24,Greece,<=50K
60,State-gov,HS-grad,15,Married-AF-spouse,Prof-specialty,Other-relative,Other,Male,3596,2686,56,United-States,<=50K
58,Federal-gov,5th-6th,8,Married-civ-spouse,Prof-specialty,Husband,Asian-Pac-Islander,Female,3570,343,2,Trinadad&Tobago,<=50K
34,Local-gov,7th-8th,14,Married-AF-spouse,Tech-support,Own-child,Amer-Indian-Eskimo,Female,7115,2096,44,India,<=50K
24,Federal-gov,9th,9,Married-spouse-absent,Armed-Forces,Unmarried,Amer-Indian-Eskimo,Female,33,2706,12,Laos,<=50K
60,Self-emp-inc,Assoc-acdm,2,Married-spouse-absent,Exec-managerial,Husband,Black,Male,3397,2491,80,Guatemala,<=50K
30,State-gov,Bachelors,11,Never-married,Priv-house-serv,Wife,Black,Male,8806,2928,23,Hong,>50K
65,Federal-gov,5th-6th,2,Separated,Exec-managerial,Unmarried,Black,Female,7977,1976,50,India,>50K
71,Self-emp-not-inc,12th,7,Married-AF-spouse,Armed-Forces,Other-relative,Asian-Pac-Islander,Male,2932,4670,63,Honduras,>50K
73,Local-gov,Masters,6,Widowed,Farming-fishing,Other-relative,Other,Female,6739,2178,46,El-Salvador,>50K
47,Self-emp-not-inc,5th-6th,2,Married-spouse-absent,Adm-clerical,Husband,Asian-Pac-Islander,Male,895,538,77,Trinadad&Tobago,>50K
37,Self-emp-inc,Doctorate,15,Widowed,Farming-fishing,Own-child,White,Male,1802,4542,30,United-States,>50K
21,Local-gov,10th,15,Married-AF-spouse,Transport-moving,Unmarried,White,Male,4878,2342,13,England,>50K
44,State-gov,HS-grad,8,Separated,Priv-house-serv,Wife,White,Male,9297,2355,11,Jamaica,>50K
78,Local-gov,1st-4th,10,Divorced,Adm-clerical,Own-child,Asian-Pac-Islander,Male,8925,3346,72,Iran,<=50K
69,State-gov,Some-college,9,Married-civ-spouse,Craft-repair,Not-in-family,Black,Female,1233,1222,91,Ireland,>50K
83,Federal-gov,Prof-school,8,Married-AF-spouse,Machine-op-inspct,Other-relative,Asian-Pac-Islander,Male,458,592,88,Hungary,<=50K
65,Federal-gov,Bachelors,5,Widowed,Tech-support,Other-relative,Asian-Pac-Islander,Male,94,2891,98,Ecuador,<=50K
91,Private,Preschool,5,Widowed,Protective-serv,Own-child,Asian-Pac-Islander,Female,4266,2106,30,Puerto-Rico,<=50K
32,Federal-gov,9th,9,Widowed,Sales,Other-relative,Black,Male,9242,3050,23,Canada,>50K
20,State-gov,Doctorate,5,Never-married,Adm-clerical,Own-child,White,Female,3282,1511,33,England,<=50K
99,Local-gov,Prof-school,9,Married-AF-spouse,Priv-house-serv,Husband,White,Female,3852,2501,53,Trinadad&Tobago,<=50K
72,Never-worked,11th,6,Widowed,Tech-support,Wife,White,Male,5431,4538,9,Dominican-Republic,<=50K
87,Without-pay,HS-grad,1,Married-AF-spouse,Priv-house-serv,Husband,Asian-Pac-Islander,Male,1907,4707,86,Haiti,>50K
35,Federal-gov,1st-4th,4,Separated,Armed-Forces,Wife,Black,Female,4742,1820,3,Japan,<=50K
95,Self-emp-inc,Some-college,12,Married-spouse-absent,Priv-house-serv,Husband,Amer-Indian-Eskimo,Female,4044,4997,33,Laos,<=50K
25,State-gov,5th-6th,8,Never-married,Priv-house-serv,Other-relative,Black,Male,3864,3474,34,Haiti,<=50K
19,Local-gov,HS-grad,15,Never-married,Other-service,Not-in-family,Amer-Indian-Eskimo,Female,9611,2944,81,Puerto-Rico,<=50K
28,Self-emp-inc,9th,10,Divorced,Tech-support,Wife,Asian-Pac-Islander,Female,6039,4823,73,Portugal,>50K
74,Self-emp-not-inc,Some-college,7,Separated,Prof-specialty,Husband,Amer-Indian-Eskimo,Male,7681,4058,97,Laos,>50K
53,Local-gov,10th,12,Widowed,Other-service,Other-relative,Black,Male,7370,1305,58,El-Salvador,<=50K
76,Private,Assoc-voc,4,Separated,Handlers-cleaners,Husband,Black,Female,9353,2901,16,Thailand,>50K
83,State-gov,Preschool,7,Married-spouse-absent,Protective-serv,Own-child,Amer-Indian-Eskimo,Female,6354,3879,28,China,>50K
53,Without-pay,10th,7,Never-married,Tech-support,Not-in-family,Other,Female,9840,4249,96,Haiti,<=50K
87,Without-pay,Doctorate,12,Divorced,Farming-fishing,Not-in-family,White,Male,4550,3786,53,Ecuador,>50K
39,State-gov,HS-grad,8,Married-civ-spouse,Handlers-cleaners,Unmarried,Amer-Indian-Eskimo,Female,4086,336,40,Canada,<=50K
59,Never-worked,Bachelors,3,Widowed,Armed-Forces,Not-in-family,Other,Male,8,287,41,Haiti,<=50K
88,Local-gov,Prof-school,12,Separated,Tech-support,Own-child,Asian-Pac-Islander,Female,274,3104,92,Cuba,>50K
23,State-gov,Some-college,5,Divorced,Adm-clerical,Unmarried,Black,Male,1633,1570,89,Nicaragua,>50K
64,Without-pay,1st-4th,5,Married-AF-spouse,Farming-fishing,Other-relative,Amer-Indian-Eskimo,Male,1157,2858,10,Vietnam,>50K
87,Without-pay,Assoc-acdm,9,Widowed,Exec-managerial,Unmarried,Other,Male,5683,1082,19,Italy,>50K
96,Never-worked,10th,9,Divorced,Adm-clerical,Wife,Black,Female,7606,3512,70,Scotland,<=50K
26,Private,1st-4th,1,Never-married,Tech-support,Own-child,White,Male,8080,4920,15,Dominican-Republic,<=50K
18,Federal-gov,Masters,12,Married-spouse-absent,Priv-house-serv,Other-relative,White,Female,7556,591,49,Taiwan,>50K
72,State-gov,HS-grad,11,Widowed,Prof-specialty,Not-in-family,Other,Male,1675,1513,39,El-Salvador,>50K
84,Self-emp-inc,9th,14,Married-AF-spouse,Machine-op-inspct,Wife,Other,Female,1014,1041,57,India,<=50K
35,Never-worked,Prof-school,10,Never-married,Tech-support,Not-in-family,Asian-Pac-Islander,Male,2692,3587,65,Greece,<=50K
89,Local-gov,Prof-school,12,Separated,Machine-op-inspct,Wife,Other,Female,9562,3808,38,Columbia,>50K
81,State-gov,Preschool,5,Never-married,Adm-clerical,Wife,White,Female,2842,3980,9,Italy,<=50K
55,Private,10th,11,Widowed,Armed-Forces,Other-relative,Asian-Pac-Islander,Male,7275,1028,99,El-Salvador,>50K
22,Without-pay,Bachelors,2,Never-married,Craft-repair,Not-in-family,Amer-Indian-Eskimo,Female,8070,3108,27,Italy,<=50K
85,Federal-gov,10th,11,Divorced,Adm-clerical,Other-relative,Asian-Pac-Islander,Male,910,2492,12,Laos,>50K
93,Private,11th,6,Married-civ-spouse,Priv-house-serv,Husband,Amer-Indian-Eskimo,Male,4588,4493,51,Ecuador,<=50K
50,Without-pay,11th,5,Divorced,Tech-support,Unmarried,Asian-Pac-Islander,Female,5045,4105,33,Germany,<=50K
40,Local-gov,Preschool,13,Married-AF-spouse,Farming-fishing,Other-relative,Black,Male,2818,1721,77,Hong,<=50K
64,State-gov,Bachelors,3,Separated,Priv-house-serv,Own-child,Other,Female,1319,473,10,El-Salvador,>50K
28,Self-emp-inc,1st-4th,14,Married-civ-spouse,Armed-Forces,Own-child,White,Male,9384,4180,93,Canada,>50K
21,Self-emp-inc,11th,3,Divorced,Armed-Forces,Husband,Black,Female,8543,4203,85,Canada,<=50K
19,Local-gov,HS-grad,1,Married-spouse-absent,Machine-op-inspct,Own-child,Asian-Pac-Islander,Male,44,680,11,Mexico,>50K
72,State-gov,Bachelors,14,Married-AF-spouse,Armed-Forces,Not-in-family,Black,Female,5373,1642,64,South,<=50K
87,Never-worked,10th,14,Divorced,Farming-fishing,Other-relative,Other,Female,7931,3609,75,South,<=50K
62,Federal-gov,Assoc-voc,6,Separated,Farming-fishing,Other-relative,Asian-Pac-Islander,Female,8052,3828,73,Outlying-US(Guam-USVI-etc),<=50K
84,Without-pay,Bachelors,10,Widowed,Other-service,Wife,Amer-Indian-Eskimo,Male,2822,1983,6,Laos,>50K
59,State-gov,Masters,13,Married-spouse-absent,Adm-clerical,Own-child,Black,Female,8755,1545,34,Yugoslavia,<=50K
81,Local-gov,7th-8th,9,Married-spouse-absent,Sales,Wife,Asian-Pac-Islander,Female,1597,2343,2,Ecuador,>50K
73,Without-pay,12th,6,Separated,Handlers-cleaners,Not-in-family,Black,Female,8651,3119,13,Dominican-Republic,<=50K
38,Federal-gov,Assoc-voc,10,Married-spouse-absent,Exec-managerial,Other-relative,White,Female,508,668,41,Philippines,>50K
52,Never-worked,Bachelors,12,Married-civ-spouse,Tech-support,Other-relative,Asian-Pac-Islander,Female,475,2338,89,Japan,>50K
74,Never-worked,Some-college,7,Divorced,Protective-serv,Wife,Amer-Indian-Eskimo,Male,2015,3164,69,Italy,<=50K
68,Federal-gov,11th,8,Married-spouse-absent,Prof-specialty,Wife,Black,Male,3203,3635,24,Peru,>50K
18,Self-emp-not-inc,1st-4th,7,Separated,Protective-serv,Other-relative,Amer-Indian-Eskimo,Female,9691,4336,25,El-Salvador,>50K
93,Never-worked,Bachelors,14,Married-AF-spouse,Sales,Husband,Other,Female,2357,4983,4,Honduras,>50K
48,Private,Assoc-voc,1,Widowed,Handlers-cleaners,Not-in-family,White,Male,9540,642,28,England,>50K
19,Self-emp-inc,HS-grad,6,Married-civ-spouse,Exec-managerial,Own-child,Other,Male,8080,4959,70,Germany,>50K
99,Without-pay,10th,7,Never-married,Tech-support,Other-relative,Black,Male,4924,329,55,Haiti,<=50K
89,Federal-gov,Assoc-acdm,8,Never-married,Tech-support,Not-in-family,Amer-Indian-Eskimo,Male,2244,4559,76,China,<=50K
62,Without-pay,9th,14,Married-AF-spouse,Machine-op-inspct,Unmarried,Other,Male,9937,1777,71,Scotland,<=50K
63,Private,Assoc-voc,11,Widowed,Exec-managerial,Husband,Other,Male,5773,1857,75,Yugoslavia,>50K
22,Self-emp-inc,Assoc-voc,12,Married-spouse-absent,Protective-serv,Wife,Asian-Pac-Islander,Male,8041,1497,92,Holand-Netherlands,>50K
66,Self-emp-not-inc,11th,12,Married-civ-spouse,Farming-fishing,Wife,White,Female,239,181,90,Dominican-Republic,>50K
76,Local-gov,12th,3,Never-married,Armed-Forces,Not-in-family,Black,Female,5173,3678,97,Ecuador,>50K
34,Never-worked,Masters,14,Married-spouse-absent,Prof-specialty,Own-child,Black,Male,1434,4752,10,Ecuador,>50K
54,Local-gov,Assoc-voc,3,Never-married,Other-service,Other-relative,Amer-Indian-Eskimo,Female,7307,3475,31,Germany,<=50K
61,Private,Assoc-acdm,7,Widowed,Transport-moving,Own-child,Black,Female,5933,4713,14,El-Salvador,>50K
77,Private,1st-4th,14,Married-AF-spouse,Handlers-cleaners,Unmarried,Asian-Pac-Islander,Male,5058,219,51,Vietnam,>50K
56,Without-pay,12th,13,Widowed,Other-service,Other-relative,Black,Female,6019,2888,84,Philippines,>50K
69,Private,5th-6th,7,Divorced,Adm-clerical,Other-relative,White,Female,6075,177,54,Canada,>50K
54,Self-emp-inc,5th-6th,3,Married-AF-spouse,Protective-serv,Husband,Other,Male,974,63,91,Canada,>50K
33,Without-pay,Doctorate,6,Married-spouse-absent,Sales,Wife,Asian-Pac-Islander,Male,1511,3902,68,Haiti,<=50K
37,Self-emp-inc,1st-4th,9,Married-spouse-absent,Adm-clerical,Other-relative,Other,Female,3511,2131,59,Thailand,<=50K
39,Federal-gov,12th,4,Separated,Other-service,Wife,Black,Female,9746,1946,41,Mexico,>50K
89,Local-gov,9th,14,Married-AF-spouse,Prof-specialty,Not-in-family,Asian-Pac-Islander,Female,6871,4384,90,Jamaica,<=50K
66,Self-emp-inc,9th,2,Divorced,Exec-managerial,Wife,Other,Female,3620,3302,61,Outlying-US(Guam-USVI-etc),<=50K
90,State-gov,Some-college,5,Married-AF-spouse,Adm-clerical,Not-in-family,White,Female,5692,4507,48,China,<=50K
72,State-gov,Doctorate,11,Never-married,Priv-house-serv,Other-relative,Black,Male,7252,4503,34,Hungary,<=50K
39,Self-emp-inc,Prof-school,12,Married-AF-spouse,Handlers-cleaners,Other-relative,Other,Male,799,4582,30,Japan,>50K
92,Private,Some-college,10,Separated,Priv-house-serv,Wife,Other,Female,7859,4614,54,Nicaragua,<=50K
96,Never-worked,Assoc-acdm,1,Widowed,Sales,Unmarried,Asian-Pac-Islander,Male,6457,1025,6,Outlying-US(Guam-USVI-etc),<=50K
79,Federal-gov,Masters,4,Married-civ-spouse,Sales,Wife,Other,Female,9942,4210,51,Columbia,>50K
59,Self-emp-inc,Some-college,13,Married-civ-spouse,Craft-repair,Own-child,Amer-Indian-Eskimo,Female,9687,3048,84,Jamaica,<=50K
21,Never-worked,Preschool,2,Married-spouse-absent,Adm-clerical,Unmarried,Asian-Pac-Islander,Male,2919,2573,75,Cuba,>50K
97,Self-emp-inc,1st-4th,9,Separated,Sales,Unmarried,White,Female,5274,1118,63,Trinadad&Tobago,<=50K
87,Self-emp-inc,Bachelors,12,Divorced,Armed-Forces,Unmarried,White,Male,2355,3230,77,Trinadad&Tobago,<=50K
47,State-gov,Masters,11,Separated,Craft-repair,Not-in-family,Amer-Indian-Eskimo,Female,8687,1810,20,Thailand,<=50K
90,State-gov,HS-grad,4,Married-spouse-absent,Prof-specialty,Husband,White,Female,1116,2104,46,Peru,>50K
41,Without-pay,Bachelors,11,Married-civ-spouse,Prof-specialty,Own-child,Black,Male,9947,3261,59,Poland,>50K
51,Self-emp-not-inc,Assoc-acdm,11,Never-married,Armed-Forces,Not-in-family,Other,Male,9433,407,73,Laos,>50K
67,Without-pay,Masters,1,Widowed,Craft-repair,Husband,Asian-Pac-Islander,Female,2863,3633,49,Poland,>50K
51,Never-worked,Bachelors,1,Never-married,Sales,Not-in-family,Black,Female,9893,4361,25,Ireland,>50K
44,State-gov,Preschool,6,Separated,Transport-moving,Own-child,Asian-Pac-Islander,Female,2564,1759,46,China,>50K
98,Private,12th,14,Married-spouse-absent,Adm-clerical,Unmarried,Asian-Pac-Islander,Male,754,3011,76,Taiwan,<=50K
94,Federal-gov,Masters,2,Divorced,Handlers-cleaners,Unmarried,White,Male,8234,1141,87,France,<=50K
48,Private,Doctorate,10,Widowed,Machine-op-inspct,Not-in-family,Amer-Indian-Eskimo,Female,7744,4096,98,Hong,>50K
64,Never-worked,Doctorate,4,Never-married,Machine-op-inspct,Wife,Amer-Indian-Eskimo,Male,6562,489,59,Cambodia,<=50K
80,Without-pay,Assoc-acdm,12,Married-AF-spouse,Prof-specialty,Not-in-family,Amer-Indian-Eskimo,Male,1853,2630,87,United-States,>50K
45,Without-pay,5th-6th,5,Never-married,Handlers-cleaners,Wife,Other,Female,1690,629,20,Scotland,>50K
84,Local-gov,Preschool,10,Divorced,Tech-support,Husband,Other,Male,6345,2130,76,Iran,<=50K
59,Self-emp-inc,9th,6,Married-spouse-absent,Farming-fishing,Wife,Asian-Pac-Islander,Male,9632,4899,44,Cuba,<=50K
44,Federal-gov,Assoc-voc,6,Never-married,Tech-support,Other-relative,Other,Female,9501,4310,57,Poland,>50K
58,Never-worked,HS-grad,11,Married-AF-spouse,Priv-house-serv,Husband,Black,Female,8813,928,98,Vietnam,<=50K
38,Without-pay,5th-6th,15,Married-AF-spouse,Handlers-cleaners,Not-in-family,White,Female,6685,1835,82,England,<=50K
63,Private,7th-8th,3,Married-AF-spouse,Priv-house-serv,Own-child,Black,Male,6782,2366,97,Trinadad&Tobago,<=50K
52,State-gov,Preschool,7,Married-spouse-absent,Handlers-cleaners,Own-child,Black,Male,3062,3925,10,Outlying-US(Guam-USVI-etc),<=50K
23,State-gov,Preschool,7,Married-AF-spouse,Other-service,Other-relative,Black,Female,2741,1312,61,Thailand,>50K
70,Federal-gov,Preschool,4,Widowed,Armed-Forces,Not-in-family,White,Male,8081,1122,17,Poland,<=50K
25,Self-emp-inc,Masters,5,Divorced,Other-service,Husband,Asian-Pac-Islander,Female,3540,4690,8,Puerto-Rico,<=50K
39,Private,Some-college,11,Divorced,Other-service,Husband,Other,Male,3791,506,86,Jamaica,<=50K
35,Self-emp-inc,Doctorate,3,Separated,Farming-fishing,Not-in-family,Amer-Indian-Eskimo,Female,452,3127,14,Greece,<=50K
87,Self-emp-inc,Bachelors,6,Married-AF-spouse,Other-service,Wife,Asian-Pac-Islander,Female,3003,4550,29,Italy,>50K
21,Without-pay,Assoc-acdm,6,Married-spouse-absent,Handlers-cleaners,Unmarried,Asian-Pac-Islander,Female,8288,1696,40,Yugoslavia,>50K
35,Without-pay,5th-6th,11,Married-AF-spouse,Sales,Own-child,Amer-Indian-Eskimo,Female,8760,4651,85,Peru,<=50K
81,Without-pay,10th,7,Separated,Other-service,Not-in-family,Amer-Indian-Eskimo,Male,5238,2124,92,Taiwan,<=50K
50,Federal-gov,9th,7,Married-AF-spouse,Sales,Wife,Other,Female,1408,2839,75,Puerto-Rico,>50K
79,Without-pay,Doctorate,14,Separated,Priv-house-serv,Unmarried,Asian-Pac-Islander,Female,6789,527,40,Holand-Netherlands,<=50K
99,Self-emp-not-inc,Prof-school,9,Never-married,Machine-op-inspct,Other-relative,White,Female,7127,3497,96,Scotland,>50K
68,Self-emp-not-inc,Masters,1,Widowed,Priv-house-serv,Husband,White,Male,1932,2312,28,Poland,<=50K
35,Local-gov,Bachelors,11,Married-civ-spouse,Tech-support,Not-in-family,Other,Female,2822,1382,30,Iran,<=50K
42,Never-worked,Assoc-acdm,14,Married-AF-spouse,Other-service,Unmarried,Amer-Indian-Eskimo,Male,9332,2335,8,Ecuador,<=50K
48,Without-pay,5th-6th,4,Widowed,Armed-Forces,Not-in-family,Other,Male,8999,3020,20,Guatemala,>50K
43,State-gov,11th,4,Separated,Protective-serv,Husband,White,Male,3757,3773,69,Jamaica,>50K
50,Federal-gov,Bachelors,4,Married-spouse-absent,Priv-house-serv,Other-relative,Other,Male,2099,4128,83,Outlying-US(Guam-USVI-etc),<=50K
39,State-gov,11th,7,Widowed,Tech-support,Own-child,White,Male,2215,1086,58,United-States,>50K
31,Private,Masters,9,Married-AF-spouse,Armed-Forces,Wife,Other,Male,806,4040,3,Laos,<=50K
41,Private,12th,7,Married-spouse-absent,Adm-clerical,Own-child,Amer-Indian-Eskimo,Male,6392,4351,59,Canada,<=50K
21,Self-emp-not-inc,Assoc-acdm,7,Separated,Other-service,Not-in-family,White,Male,100,3119,52,Cuba,<=50K
43,Self-emp-not-inc,10th,13,Never-married,Sales,Own-child,Amer-Indian-Eskimo,Male,6431,1728,49,Cuba,>50K
92,Federal-gov,7th-8th,15,Divorced,Prof-specialty,Husband,Black,Female,1496,2758,8,Ecuador,<=50K
59,Self-emp-not-inc,Some-college,12,Never-married,Exec-managerial,Other-relative,White,Female,5246,2677,75,Greece,<=50K
50,Self-emp-inc,Assoc-acdm,10,Married-civ-spouse,Prof-specialty,Other-relative,Black,Female,9926,3338,3,Cambodia,<=50K
79,Never-worked,1st-4th,2,Married-spouse-absent,Sales,Not-in-family,White,Male,4077,758,29,India,>50K
54,Never-worked,7th-8th,9,Widowed,Craft-repair,Other-relative,Other,Female,3336,4391,21,China,>50K
33,Local-gov,Prof-school,4,Married-civ-spouse,Adm-clerical,Not-in-family,Other,Female,3562,4011,20,Nicaragua,>50K
22,Self-emp-not-inc,Preschool,15,Divorced,Prof-specialty,Unmarried,Black,Male,2136,798,65,China,<=50K
63,Local-gov,Prof-school,14,Married-spouse-absent,Machine-op-inspct,Husband,White,Female,8587,1160,10,Haiti,>50K
52,Local-gov,10th,6,Married-AF-spouse,Tech-support,Husband,Asian-Pac-Islander,Male,8748,2572,14,Columbia,<=50K
25,State-gov,1st-4th,11,Never-married,Farming-fishing,Wife,Black,Male,2668,3456,43,Hong,>50K
67,Federal-gov,7th-8th,9,Married-AF-spouse,Machine-op-inspct,Unmarried,Other,Female,7699,4643,57,Ireland,<=50K
51,Self-emp-inc,HS-grad,12,Divorced,Armed-Forces,Wife,Other,Female,6838,423,83,Germany,>50K
82,Private,7th-8th,8,Widowed,Handlers-cleaners,Wife,Other,Female,6093,3043,15,England,<=50K
36,Local-gov,12th,1,Divorced,Farming-fishing,Wife,White,Female,1898,451,66,Jamaica,>50K
23,Without-pay,5th-6th,12,Widowed,Other-service,Other-relative,Other,Female,9372,235,70,Iran,<=50K
74,Without-pay,11th,4,Married-spouse-absent,Priv-house-serv,Other-relative,Black,Female,9830,445,96,Nicaragua,<=50K
87,Self-emp-inc,10th,6,Married-spouse-absent,Tech-support,Other-relative,Asian-Pac-Islander,Female,4828,3599,50,Poland,>50K
50,Local-gov,7th-8th,2,Never-married,Protective-serv,Not-in-family,White,Male,6787,4666,58,Columbia,<=50K
96,Self-emp-inc,Assoc-acdm,1,Widowed,Priv-house-serv,Husband,White,Male,1605,1995,65,Iran,<=50K
64,Never-worked,HS-grad,9,Married-spouse-absent,Transport-moving,Wife,Asian-Pac-Islander,Female,334,2228,75,Japan,>50K
21,Federal-gov,Assoc-voc,11,Divorced,Tech-support,Not-in-family,Asian-Pac-Islander,Male,5170,4648,59,El-Salvador,<=50K
89,Private,11th,2,Separated,Priv-house-serv,Own-child,Black,Female,3083,4738,95,United-States,>50K
30,Private,Preschool,12,Married-civ-spouse,Adm-clerical,Wife,White,Female,9062,2826,20,Guatemala,<=50K
37,State-gov,11th,1,Married-AF-spouse,Farming-fishing,Husband,Asian-Pac-Islander,Male,3553,678,36,Vietnam,<=50K
97,Federal-gov,Prof-school,8,Separated,Handlers-cleaners,Own-child,Asian-Pac-Islander,Female,9921,1767,34,Laos,>50K
67,Self-emp-not-inc,Preschool,9,Separated,Priv-house-serv,Other-relative,Amer-Indian-Eskimo,Female,6140,225,68,Hong,<=50K
91,Private,Assoc-acdm,3,Never-married,Other-service,Own-child,Other,Female,5412,3653,28,El-Salvador,>50K
56,State-gov,Some-college,14,Separated,Priv-house-serv,Not-in-family,Other,Male,7963,4101,14,Peru,<=50K
33,Without-pay,HS-grad,13,Never-married,Armed-Forces,Unmarried,White,Female,5734,4315,39,El-Salvador,>50K
20,Federal-gov,Bachelors,7,Married-spouse-absent,Handlers-cleaners,Other-relative,Black,Male,2895,4319,85,Mexico,<=50K
92,Never-worked,Bachelors,13,Widowed,Adm-clerical,Other-relative,White,Female,7841,2199,17,Greece,>50K
37,Self-emp-not-inc,9th,2,Divorced,Craft-repair,Husband,Asian-Pac-Islander,Male,493,4171,35,Columbia,<=50K
43,Without-pay,Masters,12,Married-spouse-absent,Armed-Forces,Other-relative,White,Female,688,2818,35,Columbia,<=50K
53,Private,7th-8th,5,Divorced,Other-service,Other-relative,Other,Male,6684,1911,50,Iran,<=50K
74,Local-gov,Assoc-acdm,14,Widowed,Adm-clerical,Husband,Asian-Pac-Islander,Male,8506,4331,10,Jamaica,>50K
50,Never-worked,Preschool,6,Married-spouse-absent,Sales,Husband,Asian-Pac-Islander,Male,5476,3632,65,Greece,<=50K
43,Without-pay,Assoc-acdm,1,Separated,Priv-house-serv,Husband,White,Female,1401,2670,32,India,<=50K
45,Local-gov,Prof-school,12,Separated,Tech-support,Husband,Black,Male,764,3349,5,Honduras,>50K
50,Self-emp-not-inc,Bachelors,10,Separated,Transport-moving,Husband,Asian-Pac-Islander,Male,9434,651,74,Taiwan,<=50K
78,Local-gov,Preschool,2,Widowed,Armed-Forces,Own-child,Asian-Pac-Islander,Female,8200,2531,13,India,>50K
58,Self-emp-not-inc,11th,10,Never-married,Machine-op-inspct,Other-relative,Black,Female,8085,2307,83,Philippines,>50K
96,Private,11th,12,Separated,Priv-house-serv,Other-relative,Asian-Pac-Islander,Male,6633,4579,87,South,<=50K
34,Local-gov,Bachelors,15,Separated,Sales,Husband,Asian-Pac-Islander,Male,4115,691,8,Cambodia,<=50K
83,Self-emp-inc,Prof-school,7,Never-married,Adm-clerical,Wife,Black,Male,8326,269,79,Peru,>50K
47,Without-pay,12th,3,Married-spouse-absent,Craft-repair,Husband,White,Female,9333,2075,70,Philippines,<=50K
86,Self-emp-not-inc,Preschool,10,Separated,Armed-Forces,Husband,Black,Male,6091,23,54,Japan,>50K
66,Self-emp-not-inc,Assoc-voc,14,Widowed,Prof-specialty,Husband,White,Male,2586,636,80,Hungary,>50K
66,Never-worked,Some-college,12,Married-civ-spouse,Other-service,Not-in-family,Black,Male,8872,2458,40,England,>50K
46,Private,Preschool,9,Widowed,Other-service,Not-in-family,White,Male,2930,379,63,Scotland,>50K
36,Private,Some-college,12,Widowed,Machine-op-inspct,Own-child,White,Female,2334,1189,89,Cambodia,>50K
86,Self-emp-not-inc,10th,13,Separated,Exec-managerial,Other-relative,White,Male,7688,4729,72,Poland,<=50K
46,Never-worked,5th-6th,8,Married-civ-spouse,Machine-op-inspct,Unmarried,Other,Male,8145,1228,3,Japan,<=50K
29,Without-pay,HS-grad,15,Divorced,Priv-house-serv,Other-relative,Amer-Indian-Eskimo,Male,4990,457,60,Ecuador,<=50K
46,Never-worked,Preschool,3,Married-civ-spouse,Priv-house-serv,Wife,White,Male,4832,3478,22,France,<=50K
94,Federal-gov,Assoc-acdm,13,Widowed,Tech-support,Wife,Other,Female,896,3950,31,Holand-Netherlands,>50K
37,Federal-gov,Assoc-acdm,4,Separated,Farming-fishing,Wife,White,Female,2592,3814,89,Italy,<=50K
80,Federal-gov,Assoc-voc,15,Divorced,Machine-op-inspct,Other-relative,Amer-Indian-Eskimo,Male,1191,4729,64,Holand-Netherlands,>50K
18,Never-worked,Some-college,15,Separated,Craft-repair,Own-child,White,Male,4946,395,8,Mexico,>50K
53,Self-emp-inc,Assoc-voc,14,Married-civ-spouse,Sales,Unmarried,White,Male,2920,1080,38,Taiwan,>50K
71,State-gov,Bachelors,3,Never-married,Adm-clerical,Husband,Asian-Pac-Islander,Male,6713,636,31,France,<=50K
93,Private,Some-college,5,Separated,Craft-repair,Other-relative,White,Female,1209,3792,98,Ecuador,>50K
87,State-gov,7th-8th,14,Married-civ-spouse,Other-service,Wife,Amer-Indian-Eskimo,Female,8912,2293,65,Ireland,>50K
59,Self-emp-inc,Masters,15,Married-AF-spouse,Armed-Forces,Husband,White,Female,7831,4622,89,Scotland,>50K
36,Local-gov,HS-grad,2,Divorced,Other-service,Husband,Amer-Indian-Eskimo,Male,2775,1975,20,Portugal,>50K
27,Without-pay,11th,13,Married-AF-spouse,Machine-op-inspct,Wife,Black,Female,2510,2593,91,Haiti,<=50K
79,Self-emp-inc,Prof-school,3,Separated,Tech-support,Not-in-family,Asian-Pac-Islander,Male,3950,2137,19,Cambodia,>50K
59,Self-emp-not-inc,11th,3,Widowed,Handlers-cleaners,Unmarried,Other,Male,6894,3616,45,Poland,>50K
29,Local-gov,5th-6th,6,Widowed,Tech-support,Not-in-family,Amer-Indian-Eskimo,Female,4565,3610,6,Vietnam,<=50K
49,Local-gov,HS-grad,11,Widowed,Prof-specialty,Wife,Other,Male,734,3121,70,Japan,<=50K
69,State-gov,Assoc-acdm,15,Married-civ-spouse,Farming-fishing,Husband,Other,Male,331,1439,2,Germany,<=50K
72,Self-emp-not-inc,Doctorate,9,Married-AF-spouse,Farming-fishing,Other-relative,Amer-Indian-Eskimo,Female,3965,3433,52,Iran,<=50K
45,Never-worked,7th-8th,8,Married-spouse-absent,Craft-repair,Wife,Amer-Indian-Eskimo,Female,1023,1076,59,Mexico,>50K
49,Federal-gov,7th-8th,14,Never-married,Other-service,Husband,Other,Female,3140,1520,5,Scotland,>50K
90,Local-gov,7th-8th,6,Never-married,Prof-specialty,Unmarried,Other,Male,3605,1588,43,Haiti,>50K
94,Private,9th,13,Married-AF-spouse,Exec-managerial,Wife,Asian-Pac-Islander,Female,442,4740,55,Yugoslavia,<=50K
83,Federal-gov,Prof-school,4,Married-AF-spouse,Priv-house-serv,Unmarried,White,Female,5984,655,67,Hungary,<=50K
64,State-gov,10th,14,Widowed,Armed-Forces,Unmarried,Amer-Indian-Eskimo,Male,2468,2275,48,Cuba,>50K
72,Self-emp-inc,Bachelors,3,Married-spouse-absent,Adm-clerical,Husband,Other,Male,5357,263,67,El-Salvador,>50K
18,Without-pay,9th,15,Married-AF-spouse,Farming-fishing,Not-in-family,White,Female,4455,4884,12,Japan,>50K
36,Private,11th,1,Married-AF-spouse,Handlers-cleaners,Husband,Asian-Pac-Islander,Female,3466,1377,42,Nicaragua,>50K
26,State-gov,5th-6th,11,Divorced,Priv-house-serv,Own-child,Asian-Pac-Islander,Female,4368,4907,67,England,>50K
28,Federal-gov,1st-4th,2,Married-civ-spouse,Protective-serv,Other-relative,White,Female,9417,1782,69,Dominican-Republic,>50K
60,Private,11th,5,Never-married,Exec-managerial,Own-child,Asian-Pac-Islander,Male,210,3121,5,Philippines,<=50K
96,Self-emp-inc,11th,2,Married-civ-spouse,Machine-op-inspct,Unmarried,Amer-Indian-Eskimo,Male,2377,2659,59,Taiwan,>50K
43,Self-emp-inc,Preschool,1,Separated,Priv-house-serv,Husband,Black,Female,8493,3598,9,Cambodia,>50K
64,State-gov,Bachelors,14,Separated,Adm-clerical,Husband,Amer-Indian-Eskimo,Male,3955,2118,30,Yugoslavia,>50K
21,Local-gov,Prof-school,11,Married-AF-spouse,Machine-op-inspct,Husband,Other,Female,6769,3912,58,Ecuador,<=50K
56,Local-gov,Prof-school,2,Never-married,Priv-house-serv,Not-in-family,Asian-Pac-Islander,Male,2282,55,69,France,<=50K
79,Never-worked,9th,1,Never-married,Adm-clerical,Unmarried,Amer-Indian-Eskimo,Male,8302,3958,92,Cuba,<=50K
48,Without-pay,Assoc-voc,11,Separated,Protective-serv,Unmarried,Asian-Pac-Islander,Male,1674,3434,91,Cambodia,<=50K
95,State-gov,5th-6th,13,Married-spouse-absent,Exec-managerial,Wife,Asian-Pac-Islander,Male,3151,4037,44,Taiwan,<=50K
43,Self-emp-not-inc,1st-4th,9,Never-married,Exec-managerial,Other-relative,Amer-Indian-Eskimo,Female,9773,2515,1,Philippines,>50K
34,Never-worked,Doctorate,13,Never-married,Other-service,Not-in-family,Other,Female,5992,1784,57,China,<=50K
58,Without-pay,1st-4th,7,Divorced,Tech-support,Not-in-family,White,Male,6982,879,87,Vietnam,<=50K
31,Local-gov,Assoc-acdm,6,Married-spouse-absent,Tech-support,Own-child,White,Male,7962,3699,99,Dominican-Republic,<=50K
87,Self-emp-inc,Prof-school,13,Married-spouse-absent,Transport-moving,Husband,White,Female,2357,4873,53,Hong,<=50K
83,State-gov,1st-4th,10,Married-spouse-absent,Machine-op-inspct,Husband,White,Male,2913,1543,21,Portugal,>50K
42,Federal-gov,Bachelors,12,Divorced,Handlers-cleaners,Husband,Amer-Indian-Eskimo,Female,4930,3583,80,Hungary,>50K
28,Private,Doctorate,12,Married-AF-spouse,Exec-managerial,Own-child,Asian-Pac-Islander,Female,181,2639,33,Greece,<=50K
99,State-gov,Preschool,15,Separated,Armed-Forces,Other-relative,Amer-Indian-Eskimo,Female,5391,4232,67,Outlying-US(Guam-USVI-etc),<=50K
29,Self-emp-inc,7th-8th,11,Separated,Priv-house-serv,Own-child,White,Male,9906,4746,27,Columbia,<=50K
78,Without-pay,Some-college,12,Widowed,Transport-moving,Wife,Amer-Indian-Eskimo,Female,4079,3209,20,Greece,>50K
22,Never-worked,Prof-school,14,Married-spouse-absent,Armed-Forces,Wife,Amer-Indian-Eskimo,Male,1082,2922,44,Haiti,<=50K
42,Local-gov,5th-6th,15,Divorced,Armed-Forces,Husband,Other,Male,4558,1786,48,Cambodia,<=50K
43,Private,Prof-school,13,Separated,Adm-clerical,Not-in-family,White,Female,6866,1744,43,Hungary,>50K
77,Federal-gov,Some-college,5,Divorced,Protective-serv,Husband,Asian-Pac-Islander,Male,6230,3300,49,United-States,<=50K
55,State-gov,7th-8th,15,Widowed,Other-service,Not-in-family,Amer-Indian-Eskimo,Female,7388,4694,81,United-States,>50K
78,Private,Doctorate,14,Divorced,Machine-op-inspct,Other-relative,Other,Female,6684,4623,17,Greece,<=50K
89,Without-pay,Assoc-acdm,14,Widowed,Farming-fishing,Unmarried,Black,Female,2800,4299,85,Mexico,<=50K
26,Local-gov,7th-8th,2,Separated,Craft-repair,Unmarried,Asian-Pac-Islander,Male,701,4889,85,Mexico,>50K
59,Self-emp-not-inc,9th,5,Married-civ-spouse,Prof-specialty,Own-child,White,Female,3187,4857,38,Cuba,<=50K
86,Self-emp-inc,Prof-school,15,Married-civ-spouse,Protective-serv,Wife,Black,Female,2166,2876,48,Honduras,>50K
74,Without-pay,9th,12,Married-AF-spouse,Transport-moving,Wife,Amer-Indian-Eskimo,Male,8601,2503,33,Holand-Netherlands,<=50K
28,Self-emp-inc,9th,10,Married-spouse-absent,Priv-house-serv,Other-relative,Other,Female,5369,894,56,Ecuador,>50K
97,Self-emp-not-inc,Doctorate,1,Married-spouse-absent,Handlers-cleaners,Not-in-family,Black,Male,5071,3765,43,Iran,<=50K
74,Never-worked,HS-grad,13,Married-spouse-absent,Machine-op-inspct,Other-relative,Black,Male,2351,2022,99,Iran,>50K
59,Self-emp-not-inc,10th,15,Separated,Transport-moving,Own-child,Amer-Indian-Eskimo,Female,3518,2706,41,Cambodia,<=50K
49,Never-worked,Some-college,10,Married-civ-spouse,Protective-serv,Wife,Black,Male,6347,4503,84,Guatemala,>50K
72,Private,11th,5,Widowed,Sales,Own-child,Asian-Pac-Islander,Male,299,337,5,China,<=50K
78,Self-emp-inc,1st-4th,6,Separated,Adm-clerical,Husband,Asian-Pac-Islander,Female,458,2122,16,Hong,<=50K
22,Without-pay,12th,9,Widowed,Sales,Wife,Other,Female,7100,602,8,Vietnam,>50K
61,Self-emp-not-inc,Some-college,12,Divorced,Tech-support,Other-relative,Other,Female,9974,1911,48,Italy,>50K
58,State-gov,Prof-school,1,Divorced,Protective-serv,Own-child,Black,Male,4839,2721,70,Italy,>50K
21,Never-worked,Assoc-voc,3,Married-civ-spouse,Adm-clerical,Other-relative,Other,Male,5093,4864,43,India,<=50K
78,Self-emp-inc,Masters,10,Married-AF-spouse,Adm-clerical,Other-relative,White,Female,1903,1529,19,Dominican-Republic,<=50K
54,Self-emp-not-inc,HS-grad,12,Married-civ-spouse,Prof-specialty,Unmarried,Other,Male,2438,1873,57,England,<=50K
19,Federal-gov,Prof-school,1,Widowed,Machine-op-inspct,Unmarried,Black,Male,3602,1460,14,India,<=50K
39,Self-emp-inc,HS-grad,5,Divorced,Transport-moving,Unmarried,Black,Female,6088,4861,51,Ireland,<=50K
51,State-gov,11th,2,Widowed,Farming-fishing,Unmarried,Asian-Pac-Islander,Male,9447,2846,81,Italy,>50K
74,Without-pay,10th,1,Divorced,Craft-repair,Unmarried,White,Male,8489,4518,47,Cambodia,>50K
20,Without-pay,Assoc-acdm,7,Never-married,Other-service,Husband,White,Female,9354,4649,77,Taiwan,>50K
77,Federal-gov,9th,11,Widowed,Exec-managerial,Not-in-family,Asian-Pac-Islander,Female,7506,4455,26,Columbia,>50K
45,Self-emp-inc,Assoc-voc,3,Married-spouse-absent,Exec-managerial,Own-child,Amer-Indian-Eskimo,Female,6689,2212,7,Laos,<=50K
78,Self-emp-inc,10th,6,Divorced,Handlers-cleaners,Husband,White,Female,5868,1706,94,Thailand,<=50K
75,Federal-gov,12th,15,Separated,Machine-op-inspct,Husband,Asian-Pac-Islander,Female,6895,3129,25,Cambodia,>50K
57,Local-gov,Preschool,5,Divorced,Armed-Forces,Husband,Asian-Pac-Islander,Male,3336,2026,41,Ireland,<=50K
71,Without-pay,Assoc-voc,5,Divorced,Priv-house-serv,Husband,White,Female,8045,3846,40,United-States,<=50K
87,Local-gov,11th,11,Never-married,Machine-op-inspct,Other-relative,Black,Male,2229,2062,36,El-Salvador,>50K
49,Never-worked,1st-4th,4,Divorced,Machine-op-inspct,Own-child,Other,Male,3528,1563,13,Laos,>50K
35,State-gov,Some-college,8,Divorced,Farming-fishing,Wife,Black,Female,3092,780,36,Jamaica,>50K
83,Federal-gov,5th-6th,6,Separated,Handlers-cleaners,Other-relative,Other,Male,1681,1928,23,Yugoslavia,<=50K
74,Federal-gov,10th,14,Widowed,Craft-repair,Unmarried,Other,Female,2752,4696,33,Holand-Netherlands,<=50K
95,Private,1st-4th,9,Separated,Other-service,Husband,Other,Male,6061,415,99,England,>50K
81,Never-worked,Bachelors,15,Never-married,Priv-house-serv,Unmarried,Other,Female,9478,4913,49,Poland,>50K
52,Private,10th,3,Married-AF-spouse,Adm-clerical,Husband,Black,Male,3906,2202,94,Italy,<=50K
45,Never-worked,Preschool,3,Married-civ-spouse,Craft-repair,Other-relative,White,Female,5844,2190,49,Japan,<=50K
89,Never-worked,Prof-school,14,Separated,Priv-house-serv,Husband,White,Male,5701,3727,3,Ireland,>50K
20,Federal-gov,12th,2,Never-married,Adm-clerical,Husband,Amer-Indian-Eskimo,Female,3625,767,79,Germany,<=50K
41,Self-emp-not-inc,Assoc-voc,7,Never-married,Sales,Unmarried,White,Female,2622,2920,94,Mexico,<=50K
63,Self-emp-inc,Doctorate,6,Married-civ-spouse,Farming-fishing,Unmarried,Asian-Pac-Islander,Female,9146,3803,51,Honduras,>50K
94,Self-emp-inc,Masters,3,Divorced,Exec-managerial,Husband,Asian-Pac-Islander,Female,2217,3900,78,Outlying-US(Guam-USVI-etc),>50K
82,Local-gov,Assoc-acdm,10,Separated,Tech-support,Other-relative,White,Female,6722,3361,44,Hungary,>50K
58,Local-gov,9th,8,Married-civ-spouse,Machine-op-inspct,Wife,Other,Female,3965,1529,25,Vietnam,>50K
48,Federal-gov,9th,13,Married-AF-spouse,Priv-house-serv,Unmarried,Asian-Pac-Islander,Male,2334,3842,51,Poland,<=50K
33,Never-worked,Some-college,14,Never-married,Tech-support,Own-child,Black,Male,8041,4250,56,Philippines,<=50K
68,Federal-gov,1st-4th,5,Married-AF-spouse,Armed-Forces,Unmarried,Black,Male,122,6,52,Poland,<=50K
22,Self-emp-inc,Preschool,14,Widowed,Exec-managerial,Unmarried,Asian-Pac-Islander,Female,3026,1353,63,Poland,<=50K
79,Self-emp-not-inc,9th,3,Married-civ-spouse,Tech-support,Other-relative,Amer-Indian-Eskimo,Female,9718,1422,39,Cambodia,<=50K
41,Self-emp-not-inc,Doctorate,11,Separated,Handlers-cleaners,Wife,Black,Male,2434,1921,38,Taiwan,<=50K
45,State-gov,11th,13,Never-married,Armed-Forces,Husband,Asian-Pac-Islander,Male,9300,741,4,Philippines,<=50K
89,Federal-gov,10th,4,Married-spouse-absent,Craft-repair,Other-relative,Other,Male,8710,2733,25,Honduras,<=50K
62,Local-gov,Bachelors,15,Divorced,Sales,Unmarried,Amer-Indian-Eskimo,Female,1412,4202,3,Holand-Netherlands,<=50K
24,Federal-gov,10th,2,Divorced,Armed-Forces,Wife,Amer-Indian-Eskimo,Male,5539,1392,64,Hungary,>50K
88,Self-emp-not-inc,12th,7,Widowed,Craft-repair,Own-child,White,Male,6147,156,87,Ireland,<=50K
79,Never-worked,HS-grad,5,Divorced,Protective-serv,Not-in-family,Black,Male,927,3553,89,Honduras,<=50K
19,State-gov,10th,4,Never-married,Exec-managerial,Own-child,Asian-Pac-Islander,Female,2677,1110,57,Canada,<=50K
43,Federal-gov,Masters,7,Married-AF-spouse,Prof-specialty,Husband,Asian-Pac-Islander,Male,3575,3737,70,Haiti,<=50K
82,Local-gov,HS-grad,6,Never-married,Farming-fishing,Not-in-family,White,Female,7990,4775,8,England,>50K
52,Self-emp-inc,Some-college,9,Married-civ-spouse,Exec-managerial,Other-relative,Asian-Pac-Islander,Female,6510,611,31,Outlying-US(Guam-USVI-etc),>50K
30,Self-emp-not-inc,1st-4th,5,Married-civ-spouse,Priv-house-serv,Not-in-family,Asian-Pac-Islander,Female,5949,2337,61,Honduras,<=50K
73,State-gov,Assoc-voc,8,Married-AF-spouse,Farming-fishing,Unmarried,Asian-Pac-Islander,Female,7433,2320,65,China,>50K
25,Self-emp-not-inc,Preschool,1,Married-spouse-absent,Protective-serv,Unmarried,Amer-Indian-Eskimo,Female,583,496,18,Peru,<=50K
32,Federal-gov,1st-4th,5,Divorced,Other-service,Own-child,Other,Male,5057,4625,89,Mexico,>50K
30,Self-emp-inc,Some-college,10,Divorced,Sales,Own-child,White,Female,4998,4712,47,Cuba,<=50K
19,Never-worked,HS-grad,3,Widowed,Exec-managerial,Not-in-family,Black,Male,1445,4946,18,Dominican-Republic,<=50K
49,Local-gov,5th-6th,14,Separated,Armed-Forces,Other-relative,Other,Female,1561,4087,82,Outlying-US(Guam-USVI-etc),<=50K
99,Without-pay,HS-grad,4,Never-married,Priv-house-serv,Wife,Other,Female,4159,1396,3,Jamaica,<=50K
53,Local-gov,Assoc-voc,1,Separated,Farming-fishing,Husband,Amer-Indian-Eskimo,Male,2840,4523,88,Poland,>50K
51,State-gov,5th-6th,8,Never-married,Sales,Husband,Amer-Indian-Eskimo,Male,8337,2814,35,Yugoslavia,>50K
52,Local-gov,5th-6th,7,Never-married,Other-service,Other-relative,Other,Female,8382,4459,58,Honduras,>50K
25,State-gov,10th,6,Widowed,Armed-Forces,Other-relative,Amer-Indian-Eskimo,Female,2816,76,68,England,<=50K
29,Federal-gov,Doctorate,6,Married-civ-spouse,Craft-repair,Not-in-family,Asian-Pac-Islander,Male,1721,3702,44,Nicaragua,>50K
62,Private,Doctorate,5,Married-civ-spouse,Prof-specialty,Husband,White,Male,3291,4175,44,Italy,>50K
22,Self-emp-not-inc,Prof-school,2,Separated,Exec-managerial,Husband,Other,Male,5917,1216,41,Ireland,<=50K
82,Self-emp-inc,Assoc-acdm,10,Married-civ-spouse,Transport-moving,Not-in-family,White,Male,1218,4320,76,Cambodia,>50K
86,Never-worked,5th-6th,5,Married-civ-spouse,Exec-managerial,Not-in-family,Other,Female,9563,4812,75,Dominican-Republic,>50K
32,Self-emp-not-inc,Prof-school,9,Separated,Farming-fishing,Husband,Amer-Indian-Eskimo,Male,6797,1785,73,Taiwan,<=50K
73,Federal-gov,5th-6th,3,Divorced,Machine-op-inspct,Own-child,White,Female,7124,2919,76,Germany,>50K
19,Never-worked,Doctorate,3,Widowed,Farming-fishing,Not-in-family,Other,Male,2991,2821,5,Guatemala,>50K
88,Self-emp-inc,5th-6th,10,Divorced,Handlers-cleaners,Wife,Amer-Indian-Eskimo,Male,8494,1541,40,Guatemala,<=50K
72,Local-gov,Assoc-acdm,6,Widowed,Handlers-cleaners,Not-in-family,Black,Female,679,4411,97,Hong,>50K
96,Self-emp-not-inc,HS-grad,1,Widowed,Protective-serv,Unmarried,White,Male,1553,619,51,Dominican-Republic,<=50K
77,Private,5th-6th,2,Widowed,Handlers-cleaners,Not-in-family,Asian-Pac-Islander,Male,9146,1980,99,Nicaragua,>50K
89,Without-pay,Some-college,4,Married-spouse-absent,Transport-moving,Wife,White,Male,1979,1218,72,Portugal,<=50K
82,Federal-gov,HS-grad,11,Married-AF-spouse,Other-service,Other-relative,Asian-Pac-Islander,Male,4358,2056,30,Haiti,>50K
41,State-gov,Prof-school,11,Separated,Exec-managerial,Wife,Other,Male,5263,4168,38,South,>50K
65,State-gov,Doctorate,5,Married-spouse-absent,Exec-managerial,Wife,Other,Female,200,624,77,Poland,>50K
94,Self-emp-inc,11th,4,Separated,Handlers-cleaners,Wife,Asian-Pac-Islander,Female,2425,2073,96,Puerto-Rico,<=50K
63,Federal-gov,12th,1,Divorced,Transport-moving,Own-child,Asian-Pac-Islander,Female,1228,3861,88,Philippines,>50K
97,Federal-gov,Assoc-voc,9,Married-civ-spouse,Handlers-cleaners,Own-child,White,Male,913,2618,19,Canada,>50K
26,Without-pay,Assoc-acdm,11,Married-AF-spouse,Protective-serv,Other-relative,Black,Female,2473,4967,14,Hong,>50K
21,Self-emp-inc,Assoc-voc,8,Widowed,Armed-Forces,Other-relative,White,Male,1187,4900,74,Germany,>50K
58,Never-worked,Bachelors,9,Separated,Prof-specialty,Husband,White,Male,4835,2874,20,South,<=50K
48,Federal-gov,Bachelors,12,Married-spouse-absent,Handlers-cleaners,Own-child,Asian-Pac-Islander,Male,4790,972,9,Guatemala,>50K
41,Never-worked,1st-4th,5,Married-AF-spouse,Machine-op-inspct,Not-in-family,Black,Male,1308,761,25,Mexico,<=50K
23,Local-gov,5th-6th,11,Separated,Exec-managerial,Husband,Black,Male,5903,671,31,Hungary,<=50K
99,Never-worked,Assoc-voc,13,Divorced,Handlers-cleaners,Husband,Amer-Indian-Eskimo,Female,5100,4312,38,Japan,>50K
35,Without-pay,Assoc-voc,11,Married-civ-spouse,Transport-moving,Wife,White,Male,916,182,96,Hungary,<=50K
73,State-gov,HS-grad,15,Separated,Protective-serv,Not-in-family,Amer-Indian-Eskimo,Female,4559,2754,6,Mexico,>50K
87,Local-gov,11th,5,Married-AF-spouse,Other-service,Unmarried,Amer-Indian-Eskimo,Female,2491,1526,47,South,>50K
50,Local-gov,Preschool,7,Separated,Priv-house-serv,Unmarried,Other,Male,252,2590,16,Thailand,>50K
56,Self-emp-inc,Prof-school,14,Divorced,Other-service,Not-in-family,Asian-Pac-Islander,Female,5557,3118,47,Honduras,<=50K
45,State-gov,Some-college,5,Widowed,Handlers-cleaners,Own-child,Black,Male,2316,1367,42,Taiwan,>50K
44,State-gov,Doctorate,14,Married-AF-spouse,Armed-Forces,Not-in-family,Other,Male,6251,1512,23,Vietnam,>50K
87,Never-worked,10th,15,Married-civ-spouse,Armed-Forces,Other-relative,White,Female,6543,2486,50,Vietnam,<=50K
40,Self-emp-not-inc,11th,14,Separated,Protective-serv,Wife,Black,Female,5228,102,54,United-States,<=50K
80,Without-pay,Bachelors,15,Divorced,Sales,Other-relative,Other,Male,5028,888,75,Yugoslavia,<=50K
76,Never-worked,5th-6th,14,Married-spouse-absent,Priv-house-serv,Husband,Other,Female,9844,455,27,Japan,>50K
52,Private,Masters,3,Married-AF-spouse,Prof-specialty,Other-relative,White,Male,7825,2622,66,Honduras,<=50K
39,Without-pay,10th,6,Married-spouse-absent,Tech-support,Not-in-family,Amer-Indian-Eskimo,Female,6067,1849,68,Columbia,<=50K
70,Self-emp-inc,Masters,5,Never-married,Sales,Not-in-family,Black,Female,8328,4003,4,Jamaica,<=50K
27,State-gov,Some-college,11,Married-civ-spouse,Priv-house-serv,Not-in-family,White,Male,4536,2301,36,El-Salvador,>50K
82,Self-emp-inc,HS-grad,13,Never-married,Transport-moving,Not-in-family,Black,Male,567,1376,60,England,>50K
28,Private,1st-4th,8,Married-spouse-absent,Craft-repair,Unmarried,Other,Male,5192,4523,35,Poland,>50K
77,State-gov,Doctorate,1,Married-civ-spouse,Protective-serv,Own-child,Black,Female,9188,4404,45,Nicaragua,<=50K
66,Local-gov,Assoc-acdm,5,Married-AF-spouse,Armed-Forces,Wife,Black,Female,8100,4398,24,Ireland,<=50K
70,Never-worked,HS-grad,14,Widowed,Machine-op-inspct,Other-relative,White,Male,5659,207,84,Columbia,>50K
65,Self-emp-inc,11th,10,Widowed,Tech-support,Own-child,Amer-Indian-Eskimo,Male,9891,548,87,Peru,>50K
71,Local-gov,Preschool,2,Married-AF-spouse,Prof-specialty,Not-in-family,Other,Male,7763,4812,84,Nicaragua,<=50K
85,State-gov,Assoc-voc,3,Separated,Protective-serv,Own-child,Amer-Indian-Eskimo,Female,5473,4956,27,Holand-Netherlands,>50K
90,Local-gov,5th-6th,6,Separated,Priv-house-serv,Own-child,White,Male,4219,4120,2,Mexico,>50K
26,Never-worked,5th-6th,4,Widowed,Protective-serv,Unmarried,Amer-Indian-Eskimo,Male,6908,758,69,Iran,>50K
98,Never-worked,11th,3,Divorced,Priv-house-serv,Other-relative,Black,Male,8834,4288,15,Poland,<=50K
87,Federal-gov,9th,14,Married-AF-spouse,Exec-managerial,Own-child,Asian-Pac-Islander,Male,3170,3239,28,Peru,>50K
32,Without-pay,Assoc-voc,11,Married-AF-spouse,Machine-op-inspct,Unmarried,Black,Female,6985,1498,55,Yugoslavia,>50K
70,State-gov,HS-grad,5,Divorced,Tech-support,Wife,Black,Male,6230,4649,15,Germany,<=50K
64,State-gov,Bachelors,11,Never-married,Tech-support,Wife,Other,Female,9145,3710,65,El-Salvador,>50K
63,Federal-gov,Masters,13,Married-spouse-absent,Exec-managerial,Husband,Black,Male,4171,2314,94,Scotland,>50K
45,Self-emp-inc,9th,15,Married-civ-spouse,Protective-serv,Own-child,Black,Female,1155,1817,59,South,>50K
51,Never-worked,Assoc-voc,2,Separated,Prof-specialty,Own-child,Asian-Pac-Islander,Female,1338,2170,40,Jamaica,>50K
57,State-gov,7th-8th,2,Married-AF-spouse,Exec-managerial,Not-in-family,Asian-Pac-Islander,Female,7974,75,34,China,<=50K
92,Never-worked,10th,7,Married-AF-spouse,Adm-clerical,Not-in-family,White,Male,1985,1678,13,Haiti,<=50K
41,Self-emp-not-inc,Masters,11,Married-civ-spouse,Protective-serv,Unmarried,White,Male,917,4702,30,Greece,>50K
49,Federal-gov,12th,8,Widowed,Farming-fishing,Other-relative,Asian-Pac-Islander,Male,7670,1179,9,Peru,>50K
57,Federal-gov,Preschool,7,Separated,Tech-support,Other-relative,Black,Female,2196,2582,1,Poland,<=50K
70,Private,12th,14,Married-spouse-absent,Tech-support,Other-relative,Amer-Indian-Eskimo,Male,5462,742,76,Haiti,>50K
71,State-gov,Some-college,13,Widowed,Farming-fishing,Own-child,Asian-Pac-Islander,Male,7064,4108,66,Germany,<=50K
61,State-gov,Bachelors,11,Divorced,Machine-op-inspct,Wife,Black,Female,6488,1525,24,Greece,>50K
26,Federal-gov,Some-college,7,Divorced,Sales,Husband,Black,Female,8140,1773,98,Iran,<=50K
22,Self-emp-inc,Prof-school,9,Married-spouse-absent,Prof-specialty,Own-child,White,Female,2650,74,8,Portugal,>50K
61,Never-worked,Prof-school,8,Married-AF-spouse,Transport-moving,Wife,White,Female,5812,3376,77,Cuba,<=50K
98,Local-gov,Some-college,13,Divorced,Priv-house-serv,Wife,Other,Male,6436,647,81,Vietnam,>50K
46,State-gov,7th-8th,14,Married-civ-spouse,Tech-support,Own-child,Other,Male,5189,217,98,Haiti,>50K
66,Never-worked,5th-6th,3,Married-AF-spouse,Handlers-cleaners,Husband,Black,Female,4060,4447,4,Hong,>50K
80,State-gov,Assoc-acdm,6,Separated,Transport-moving,Unmarried,Other,Male,1016,4414,79,Yugoslavia,>50K
87,State-gov,1st-4th,2,Separated,Craft-repair,Unmarried,White,Female,9806,1341,28,Japan,>50K
91,State-gov,9th,2,Divorced,Adm-clerical,Other-relative,Other,Male,8406,578,18,Peru,<=50K
52,State-gov,Some-college,14,Divorced,Other-service,Husband,Asian-Pac-Islander,Female,3740,4397,69,Guatemala,>50K
99,Self-emp-inc,Bachelors,3,Married-AF-spouse,Transport-moving,Husband,White,Male,3962,3783,61,Cuba,>50K
99,Private,Preschool,2,Widowed,Craft-repair,Husband,Asian-Pac-Islander,Male,9596,4710,71,Outlying-US(Guam-USVI-etc),>50K
59,Federal-gov,Doctorate,13,Married-spouse-absent,Armed-Forces,Wife,Other,Female,9656,639,57,Outlying-US(Guam-USVI-etc),>50K
31,Self-emp-inc,11th,3,Married-civ-spouse,Sales,Other-relative,Other,Male,9288,2405,76,Laos,<=50K
68,Self-emp-not-inc,HS-grad,7,Widowed,Tech-support,Wife,White,Male,845,3195,10,Ireland,>50K
32,Self-emp-not-inc,Prof-school,8,Never-married,Exec-managerial,Own-child,Other,Female,9475,1383,8,Puerto-Rico,>50K
45,Without-pay,10th,13,Separated,Machine-op-inspct,Husband,Other,Male,6170,2382,54,Scotland,<=50K
35,Federal-gov,Preschool,12,Separated,Sales,Husband,Amer-Indian-Eskimo,Male,5603,2920,68,Honduras,>50K
34,Federal-gov,Doctorate,14,Separated,Exec-managerial,Husband,Asian-Pac-Islander,Male,4960,742,13,Nicaragua,<=50K
76,Without-pay,1st-4th,1,Widowed,Tech-support,Wife,Asian-Pac-Islander,Male,3926,749,63,South,>50K
99,Never-worked,Prof-school,10,Separated,Craft-repair,Other-relative,Asian-Pac-Islander,Female,5998,4460,84,South,>50K
60,Never-worked,9th,1,Married-AF-spouse,Armed-Forces,Wife,Amer-Indian-Eskimo,Male,1437,4095,28,El-Salvador,>50K
92,Self-emp-not-inc,Preschool,11,Divorced,Sales,Own-child,White,Female,6503,6,58,Scotland,<=50K
53,Self-emp-inc,12th,1,Married-civ-spouse,Armed-Forces,Husband,White,Female,8055,4510,32,Germany,<=50K
71,Local-gov,7th-8th,13,Married-spouse-absent,Prof-specialty,Husband,Black,Female,3256,4422,98,South,<=50K
63,Without-pay,10th,3,Divorced,Transport-moving,Husband,Amer-Indian-Eskimo,Female,6794,939,80,Hungary,>50K
29,State-gov,7th-8th,4,Never-married,Armed-Forces,Husband,Other,Female,3161,3554,67,Honduras,>50K
51,Local-gov,Masters,1,Married-AF-spouse,Armed-Forces,Own-child,Amer-Indian-Eskimo,Female,2257,355,80,Yugoslavia,<=50K
75,Without-pay,9th,6,Married-civ-spouse,Prof-specialty,Unmarried,White,Male,8233,3798,27,Guatemala,>50K
85,Federal-gov,1st-4th,1,Married-civ-spouse,Machine-op-inspct,Own-child,Other,Female,6029,4548,66,Scotland,<=50K
38,Local-gov,10th,3,Divorced,Protective-serv,Own-child,Amer-Indian-Eskimo,Female,5866,4817,75,Taiwan,<=50K
81,Federal-gov,Doctorate,1,Married-spouse-absent,Adm-clerical,Wife,Asian-Pac-Islander,Male,2187,2126,39,Yugoslavia,<=50K
36,Never-worked,5th-6th,3,Never-married,Other-service,Wife,Black,Female,8638,822,38,El-Salvador,<=50K
38,Federal-gov,1st-4th,1,Divorced,Machine-op-inspct,Other-relative,White,Male,499,3824,89,Japan,<=50K
49,Self-emp-not-inc,Preschool,1,Divorced,Prof-specialty,Own-child,Black,Male,7877,1014,67,India,<=50K
46,Self-emp-not-inc,Assoc-acdm,5,Married-AF-spouse,Exec-managerial,Not-in-family,Asian-Pac-Islander,Female,5409,3856,58,Thailand,<=50K
50,Self-emp-not-inc,Doctorate,2,Widowed,Priv-house-serv,Other-relative,Amer-Indian-Eskimo,Male,824,778,38,Portugal,<=50K
30,Without-pay,Preschool,8,Separated,Transport-moving,Unmarried,Amer-Indian-Eskimo,Female,8453,3506,52,Nicaragua,<=50K
56,Never-worked,5th-6th,9,Widowed,Priv-house-serv,Not-in-family,White,Female,4886,2363,5,Japan,>50K
45,Never-worked,Preschool,7,Never-married,Armed-Forces,Unmarried,Black,Female,7292,1857,21,United-States,<=50K
20,Never-worked,9th,3,Divorced,Other-service,Own-child,Other,Female,9793,4108,23,Iran,<=50K
34,Local-gov,12th,15,Widowed,Other-service,Unmarried,Black,Male,3241,2357,3,Holand-Netherlands,>50K
99,Without-pay,HS-grad,10,Never-married,Priv-house-serv,Not-in-family,White,Female,5765,2444,23,Outlying-US(Guam-USVI-etc),<=50K
29,Federal-gov,12th,5,Married-civ-spouse,Adm-clerical,Not-in-family,Asian-Pac-Islander,Female,516,25,96,Outlying-US(Guam-USVI-etc),>50K
64,Without-pay,HS-grad,14,Widowed,Handlers-cleaners,Other-relative,Black,Female,5506,3594,41,France,>50K
60,Self-emp-not-inc,Masters,2,Divorced,Armed-Forces,Other-relative,White,Male,2269,4428,79,Mexico,<=50K
42,Never-worked,12th,3,Married-spouse-absent,Prof-specialty,Wife,Other,Female,8422,318,95,Scotland,>50K
24,Federal-gov,Bachelors,1,Married-spouse-absent,Sales,Husband,Other,Male,4355,3205,5,Greece,<=50K
51,Self-emp-not-inc,Assoc-acdm,4,Married-spouse-absent,Transport-moving,Wife,Asian-Pac-Islander,Male,190,4638,84,Taiwan,<=50K
90,Without-pay,Some-college,12,Widowed,Farming-fishing,Other-relative,Other,Male,289,10,10,Italy,<=50K
95,Federal-gov,5th-6th,4,Married-civ-spouse,Priv-house-serv,Wife,Asian-Pac-Islander,Male,6382,3035,12,Canada,<=50K
23,Without-pay,7th-8th,5,Divorced,Adm-clerical,Husband,Other,Female,3600,4302,48,Taiwan,>50K
60,Federal-gov,HS-grad,3,Married-AF-spouse,Sales,Not-in-family,Amer-Indian-Eskimo,Female,7108,574,55,Ecuador,<=50K
24,Federal-gov,HS-grad,11,Divorced,Exec-managerial,Own-child,White,Male,7885,3006,31,Columbia,<=50K
40,Self-emp-not-inc,Masters,2,Married-spouse-absent,Craft-repair,Not-in-family,Asian-Pac-Islander,Female,701,1127,84,Haiti,<=50K
94,Never-worked,Masters,11,Divorced,Other-service,Unmarried,Asian-Pac-Islander,Female,848,549,80,China,>50K
41,Federal-gov,Prof-school,7,Divorced,Sales,Other-relative,Asian-Pac-Islander,Male,689,4006,39,Philippines,>50K
88,State-gov,Masters,5,Never-married,Sales,Not-in-family,Black,Female,8043,2490,62,Iran,>50K
51,Local-gov,Preschool,6,Widowed,Craft-repair,Not-in-family,Amer-Indian-Eskimo,Male,5821,1526,13,Columbia,>50K
93,Private,Masters,13,Widowed,Craft-repair,Own-child,Other,Female,8272,584,5,Puerto-Rico,<=50K
52,State-gov,Assoc-voc,9,Divorced,Transport-moving,Not-in-family,Black,Female,1028,4939,91,Canada,>50K
87,Without-pay,1st-4th,15,Widowed,Priv-house-serv,Other-relative,Black,Female,3850,4323,69,Guatemala,>50K
77,Local-gov,10th,8,Divorced,Protective-serv,Wife,Amer-Indian-Eskimo,Male,5686,1137,34,Hong,<=50K
97,Local-gov,1st-4th,15,Married-AF-spouse,Exec-managerial,Wife,Other,Male,3921,2131,49,Cuba,>50K
86,Self-emp-not-inc,Assoc-acdm,8,Married-spouse-absent,Other-service,Other-relative,Black,Female,6303,2272,99,Ireland,>50K
40,State-gov,Preschool,6,Married-civ-spouse,Machine-op-inspct,Own-child,Asian-Pac-Islander,Male,947,1533,41,Iran,>50K
80,Federal-gov,Assoc-voc,1,Married-AF-spouse,Other-service,Wife,Amer-Indian-Eskimo,Female,8779,4050,16,Yugoslavia,>50K
44,Without-pay,5th-6th,11,Never-married,Farming-fishing,Unmarried,Asian-Pac-Islander,Male,6439,2631,12,Iran,<=50K
20,Self-emp-not-inc,9th,9,Separated,Armed-Forces,Unmarried,Asian-Pac-Islander,Female,6199,1373,75,Yugoslavia,>50K
78,Never-worked,11th,4,Never-married,Farming-fishing,Husband,Asian-Pac-Islander,Male,4294,1841,83,Philippines,<=50K
56,Local-gov,Bachelors,3,Separated,Adm-clerical,Other-relative,Other,Female,5650,2108,6,Peru,<=50K
65,Without-pay,5th-6th,14,Separated,Prof-specialty,Husband,Other,Female,9206,492,15,Puerto-Rico,>50K
21,Private,Prof-school,13,Divorced,Adm-clerical,Own-child,White,Male,7110,1891,27,Puerto-Rico,>50K
25,Local-gov,7th-8th,15,Widowed,Exec-managerial,Not-in-family,White,Female,5552,4877,86,Nicaragua,>50K
36,Federal-gov,10th,12,Widowed,Machine-op-inspct,Wife,Other,Male,3750,3851,69,Columbia,>50K
30,Never-worked,Bachelors,1,Widowed,Sales,Husband,White,Male,6085,469,4,Guatemala,<=50K
28,Without-pay,9th,12,Divorced,Prof-specialty,Husband,White,Male,516,4196,40,Canada,<=50K
84,State-gov,Masters,11,Divorced,Transport-moving,Unmarried,Asian-Pac-Islander,Female,6193,540,31,Japan,<=50K
63,State-gov,Some-college,4,Married-civ-spouse,Transport-moving,Husband,Black,Female,4176,2000,46,Honduras,<=50K
21,State-gov,Doctorate,4,Never-married,Other-service,Own-child,Asian-Pac-Islander,Female,7718,3347,7,Ireland,<=50K
60,State-gov,7th-8th,6,Divorced,Machine-op-inspct,Husband,Amer-Indian-Eskimo,Male,6430,95,89,Japan,<=50K
34,Federal-gov,Masters,15,Divorced,Farming-fishing,Other-relative,Asian-Pac-Islander,Male,4555,3432,30,Portugal,>50K
26,Never-worked,10th,12,Married-spouse-absent,Sales,Husband,White,Female,5167,2528,7,Haiti,>50K
70,Without-pay,Assoc-voc,1,Widowed,Exec-managerial,Unmarried,Asian-Pac-Islander,Female,7788,257,90,Honduras,>50K
58,Local-gov,Masters,9,Married-AF-spouse,Exec-managerial,Not-in-family,Other,Male,1144,1838,67,Peru,>50K
39,Federal-gov,1st-4th,14,Divorced,Priv-house-serv,Other-relative,Other,Female,7804,559,35,Mexico,<=50K
97,Federal-gov,Prof-school,12,Widowed,Armed-Forces,Unmarried,Amer-Indian-Eskimo,Female,8961,3302,94,Columbia,>50K
18,Self-emp-inc,12th,2,Married-AF-spouse,Armed-Forces,Unmarried,White,Male,8534,49,92,Iran,<=50K
61,Self-emp-inc,12th,8,Widowed,Protective-serv,Husband,Amer-Indian-Eskimo,Male,6899,2022,51,Haiti,<=50K
56,Without-pay,HS-grad,11,Never-married,Farming-fishing,Other-relative,Asian-Pac-Islander,Female,4557,359,64,Peru,<=50K
82,Without-pay,1st-4th,3,Married-AF-spouse,Handlers-cleaners,Unmarried,Black,Male,3562,1813,10,Mexico,<=50K
19,State-gov,1st-4th,2,Married-civ-spouse,Prof-specialty,Wife,Amer-Indian-Eskimo,Female,5563,4558,1,Poland,<=50K
61,Self-emp-not-inc,11th,11,Married-spouse-absent,Protective-serv,Own-child,Asian-Pac-Islander,Female,1289,4358,8,Taiwan,<=50K
78,Never-worked,5th-6th,4,Married-civ-spouse,Exec-managerial,Own-child,Amer-Indian-Eskimo,Male,5778,2536,58,Yugoslavia,<=50K
84,Private,9th,13,Separated,Priv-house-serv,Wife,Black,Female,7107,1605,28,Outlying-US(Guam-USVI-etc),<=50K
21,Without-pay,12th,15,Separated,Handlers-cleaners,Wife,White,Female,8235,401,98,Holand-Netherlands,>50K
72,State-gov,5th-6th,2,Married-civ-spouse,Priv-house-serv,Not-in-family,White,Female,1596,4301,76,Holand-Netherlands,<=50K
62,Local-gov,10th,4,Never-married,Tech-support,Other-relative,Black,Female,1248,2305,97,Canada,<=50K
80,Federal-gov,7th-8th,6,Widowed,Craft-repair,Unmarried,Asian-Pac-Islander,Female,9647,2192,32,Portugal,<=50K
61,Local-gov,Assoc-acdm,6,Divorced,Other-service,Unmarried,Asian-Pac-Islander,Male,6149,3915,23,Dominican-Republic,>50K
24,Self-emp-not-inc,Assoc-voc,5,Married-civ-spouse,Machine-op-inspct,Other-relative,Amer-Indian-Eskimo,Male,2548,4036,3,Vietnam,>50K
40,Private,Preschool,12,Married-spouse-absent,Tech-support,Wife,White,Female,4432,4402,16,Ecuador,>50K
86,Federal-gov,11th,3,Widowed,Farming-fishing,Other-relative,Asian-Pac-Islander,Female,7928,4843,95,Guatemala,<=50K
65,Self-emp-inc,Assoc-voc,2,Married-AF-spouse,Priv-house-serv,Unmarried,White,Female,4199,2014,60,Hong,<=50K
41,Without-pay,Masters,15,Married-civ-spouse,Other-service,Unmarried,Amer-Indian-Eskimo,Female,5683,2517,9,Peru,>50K
47,Private,12th,8,Married-civ-spouse,Priv-house-serv,Unmarried,Amer-Indian-Eskimo,Male,2188,1791,86,Hungary,<=50K
80,Without-pay,Preschool,15,Divorced,Machine-op-inspct,Other-relative,Black,Male,473,1366,42,Cuba,<=50K
45,Self-emp-inc,12th,11,Married-AF-spouse,Priv-house-serv,Wife,Black,Female,7265,2816,54,Poland,<=50K
28,Local-gov,12th,14,Divorced,Protective-serv,Other-relative,Other,Male,4987,4612,63,Honduras,<=50K
83,State-gov,10th,1,Widowed,Prof-specialty,Unmarried,Other,Male,9684,3176,59,Greece,<=50K
80,Without-pay,1st-4th,14,Widowed,Machine-op-inspct,Unmarried,Asian-Pac-Islander,Male,9429,2202,52,England,<=50K
55,Local-gov,HS-grad,8,Divorced,Armed-Forces,Own-child,Asian-Pac-Islander,Female,1685,3068,45,Taiwan,>50K
84,Local-gov,7th-8th,13,Separated,Transport-moving,Own-child,White,Male,3972,1637,42,Ecuador,<=50K
55,Never-worked,7th-8th,1,Never-married,Craft-repair,Husband,Asian-Pac-Islander,Female,1713,1672,46,Guatemala,<=50K
73,Self-emp-not-inc,Bachelors,5,Widowed,Sales,Other-relative,Amer-Indian-Eskimo,Male,3634,4291,96,India,<=50K
29,Self-emp-not-inc,Preschool,9,Widowed,Prof-specialty,Other-relative,Asian-Pac-Islander,Female,7196,2061,4,Philippines,<=50K
59,Local-gov,Prof-school,3,Separated,Handlers-cleaners,Not-in-family,Asian-Pac-Islander,Female,8100,17,41,United-States,>50K
72,Never-worked,11th,2,Married-AF-spouse,Farming-fishing,Other-relative,White,Male,9493,2484,16,Trinadad&Tobago,<=50K
92,Self-emp-inc,Assoc-acdm,15,Never-married,Craft-repair,Husband,Black,Female,6560,3487,3,Laos,>50K
28,Never-worked,10th,6,Divorced,Machine-op-inspct,Not-in-family,Asian-Pac-Islander,Male,6821,1778,21,Poland,<=50K
43,Without-pay,Prof-school,4,Married-spouse-absent,Tech-support,Husband,Other,Female,7502,2723,87,Thailand,>50K
63,Self-emp-inc,11th,12,Separated,Transport-moving,Not-in-family,White,Female,6225,3930,96,Scotland,<=50K
48,Private,1st-4th,4,Married-civ-spouse,Sales,Own-child,Black,Female,9617,4774,86,Haiti,<=50K
65,Never-worked,7th-8th,3,Married-spouse-absent,Other-service,Own-child,Amer-Indian-Eskimo,Male,7372,3282,42,El-Salvador,<=50K
28,Local-gov,Assoc-voc,10,Divorced,Exec-managerial,Unmarried,Asian-Pac-Islander,Female,3763,3965,45,Scotland,<=50K
89,Never-worked,Some-college,3,Divorced,Tech-support,Own-child,Other,Male,440,3781,56,Philippines,<=50K
92,Federal-gov,Masters,3,Married-civ-spouse,Protective-serv,Other-relative,White,Female,5047,4046,64,South,<=50K
57,Without-pay,5th-6th,12,Never-married,Protective-serv,Not-in-family,White,Female,5283,2869,86,Japan,<=50K
55,State-gov,Bachelors,2,Married-AF-spouse,Machine-op-inspct,Not-in-family,White,Male,5785,2102,18,Haiti,>50K
80,Self-emp-inc,Prof-school,1,Married-civ-spouse,Priv-house-serv,Own-child,Amer-Indian-Eskimo,Male,5568,1167,75,Holand-Netherlands,>50K
62,Self-emp-not-inc,12th,8,Married-AF-spouse,Farming-fishing,Not-in-family,Asian-Pac-Islander,Male,1717,4338,69,Portugal,>50K
53,Self-emp-inc,Preschool,15,Never-married,Armed-Forces,Husband,Other,Female,4146,1736,87,France,<=50K
86,Private,Prof-school,13,Married-civ-spouse,Transport-moving,Not-in-family,Black,Male,5952,4377,84,Yugoslavia,>50K
34,Self-emp-inc,9th,15,Widowed,Craft-repair,Wife,Other,Female,95,4624,9,China,>50K
37,Without-pay,Some-college,3,Married-spouse-absent,Protective-serv,Unmarried,White,Male,7279,3978,15,France,>50K
40,State-gov,9th,9,Married-spouse-absent,Handlers-cleaners,Not-in-family,White,Male,6818,570,50,Laos,>50K
40,Local-gov,7th-8th,12,Widowed,Tech-support,Wife,Other,Female,7117,2236,77,Outlying-US(Guam-USVI-etc),<=50K
39,Federal-gov,5th-6th,1,Married-AF-spouse,Tech-support,Husband,Amer-Indian-Eskimo,Male,3471,4103,54,United-States,>50K
52,Federal-gov,7th-8th,6,Married-civ-spouse,Transport-moving,Other-relative,Other,Female,1698,305,84,Taiwan,<=50K
99,Private,Doctorate,11,Married-spouse-absent,Prof-specialty,Other-relative,Other,Female,1119,1343,20,United-States,>50K
93,Self-emp-not-inc,Prof-school,1,Widowed,Exec-managerial,Other-relative,Amer-Indian-Eskimo,Male,596,1537,36,Columbia,<=50K
65,Without-pay,7th-8th,15,Never-married,Farming-fishing,Other-relative,White,Female,2340,1350,86,Iran,>50K
83,Self-emp-not-inc,Prof-school,6,Married-civ-spouse,Prof-specialty,Wife,Black,Male,5070,1414,17,Guatemala,>50K
28,Never-worked,Bachelors,9,Married-AF-spouse,Tech-support,Not-in-family,Asian-Pac-Islander,Male,4283,859,79,India,<=50K
97,State-gov,Masters,9,Separated,Machine-op-inspct,Unmarried,Asian-Pac-Islander,Female,2287,4250,67,Vietnam,<=50K
48,Without-pay,HS-grad,7,Married-civ-spouse,Tech-support,Other-relative,Black,Female,4799,406,54,Germany,>50K
65,Self-emp-inc,1st-4th,11,Married-civ-spouse,Tech-support,Not-in-family,Black,Female,3970,1820,88,Japan,<=50K
32,Never-worked,1st-4th,1,Widowed,Other-service,Wife,Amer-Indian-Eskimo,Male,8011,3485,40,United-States,<=50K
88,Self-emp-not-inc,5th-6th,3,Separated,Handlers-cleaners,Not-in-family,Other,Female,5439,1546,21,Germany,<=50K
35,Federal-gov,7th-8th,14,Never-married,Transport-moving,Other-relative,Amer-Indian-Eskimo,Male,5814,4297,58,Iran,<=50K
64,Local-gov,HS-grad,12,Separated,Adm-clerical,Own-child,Amer-Indian-Eskimo,Female,6409,888,84,France,>50K
79,State-gov,9th,11,Divorced,Other-service,Other-relative,White,Female,54,3864,78,Outlying-US(Guam-USVI-etc),<=50K
82,Never-worked,Prof-school,6,Married-AF-spouse,Craft-repair,Wife,Black,Female,4397,4485,18,England,<=50K
26,State-gov,HS-grad,10,Married-AF-spouse,Handlers-cleaners,Not-in-family,Black,Male,1902,3056,66,Philippines,<=50K
40,Self-emp-not-inc,Assoc-acdm,9,Married-spouse-absent,Adm-clerical,Husband,Amer-Indian-Eskimo,Female,5410,3477,23,France,>50K
75,Self-emp-not-inc,Assoc-voc,14,Separated,Other-service,Unmarried,Asian-Pac-Islander,Female,6244,1486,4,Trinadad&Tobago,>50K
28,Self-emp-not-inc,HS-grad,12,Separated,Machine-op-inspct,Unmarried,White,Male,5876,778,16,Hong,<=50K
52,State-gov,Some-college,1,Married-spouse-absent,Protective-serv,Wife,Asian-Pac-Islander,Male,9364,2588,71,Germany,>50K
23,Never-worked,Masters,10,Married-civ-spouse,Farming-fishing,Wife,Black,Female,3078,1612,50,Puerto-Rico,>50K
43,State-gov,Assoc-acdm,11,Married-AF-spouse,Protective-serv,Wife,Other,Female,3920,444,48,Scotland,<=50K
32,Federal-gov,1st-4th,5,Never-married,Adm-clerical,Other-relative,Amer-Indian-Eskimo,Male,9614,2761,73,Columbia,>50K
66,Self-emp-not-inc,5th-6th,8,Married-spouse-absent,Priv-house-serv,Husband,Black,Female,1141,3224,56,Philippines,>50K
29,Never-worked,7th-8th,3,Married-civ-spouse,Protective-serv,Wife,Black,Male,3601,2365,64,Portugal,<=50K
63,Local-gov,Preschool,3,Married-spouse-absent,Tech-support,Other-relative,White,Female,2717,4744,45,Iran,>50K
79,Self-emp-not-inc,9th,4,Separated,Priv-house-serv,Not-in-family,Black,Female,4930,831,25,South,>50K
97,Never-worked,Some-college,11,Married-AF-spouse,Exec-managerial,Wife,White,Female,8707,125,96,Peru,<=50K
66,Self-emp-not-inc,Assoc-voc,11,Married-AF-spouse,Craft-repair,Not-in-family,Black,Male,6454,2047,86,Greece,>50K
73,Local-gov,9th,9,Married-AF-spouse,Exec-managerial,Other-relative,Black,Male,3,3173,80,Holand-Netherlands,<=50K
79,Never-worked,HS-grad,8,Never-married,Priv-house-serv,Own-child,Asian-Pac-Islander,Female,3296,4327,91,El-Salvador,<=50K
36,State-gov,12th,3,Married-AF-spouse,Transport-moving,Own-child,Asian-Pac-Islander,Male,3152,1806,7,Hong,>50K
63,Never-worked,Prof-school,10,Married-AF-spouse,Farming-fishing,Other-relative,Other,Male,3007,4655,44,Cambodia,>50K
70,State-gov,Assoc-voc,1,Separated,Machine-op-inspct,Husband,Amer-Indian-Eskimo,Male,1581,2075,79,Cambodia,<=50K
92,Never-worked,Masters,4,Married-AF-spouse,Priv-house-serv,Not-in-family,Asian-Pac-Islander,Female,4417,742,65,Thailand,>50K
24,Self-emp-inc,9th,12,Never-married,Sales,Not-in-family,White,Female,2957,4279,49,England,>50K
67,Never-worked,11th,13,Married-spouse-absent,Sales,Other-relative,Other,Male,1597,3403,14,Italy,<=50K
45,Self-emp-inc,Masters,15,Married-civ-spouse,Priv-house-serv,Own-child,Asian-Pac-Islander,Female,1865,2241,5,Jamaica,<=50K
73,Self-emp-inc,Prof-school,14,Widowed,Protective-serv,Husband,White,Male,1870,4316,43,Hong,>50K
85,Private,10th,14,Never-married,Other-service,Other-relative,Other,Male,3399,963,40,Puerto-Rico,>50K
43,Never-worked,Some-college,9,Widowed,Machine-op-inspct,Husband,Asian-Pac-Islander,Male,3541,2535,71,Jamaica,>50K
67,Self-emp-inc,Bachelors,5,Married-civ-spouse,Sales,Wife,White,Female,8817,4855,83,Trinadad&Tobago,<=50K
88,Private,1st-4th,15,Never-married,Prof-specialty,Wife,White,Male,3165,828,47,Jamaica,>50K
99,Self-emp-inc,7th-8th,15,Never-married,Protective-serv,Unmarried,Amer-Indian-Eskimo,Female,5069,142,30,India,>50K
59,Self-emp-inc,5th-6th,6,Married-civ-spouse,Other-service,Own-child,Black,Male,3600,4907,65,Taiwan,>50K
23,State-gov,Assoc-voc,3,Divorced,Armed-Forces,Not-in-family,White,Male,6642,1730,59,Canada,>50K
30,Federal-gov,12th,9,Married-AF-spouse,Sales,Not-in-family,Other,Female,3430,1708,35,Jamaica,<=50K
50,Private,5th-6th,3,Divorced,Handlers-cleaners,Unmarried,Black,Male,7017,662,90,Guatemala,<=50K
50,Never-worked,Masters,2,Married-civ-spouse,Farming-fishing,Wife,Black,Female,3999,1886,53,Canada,>50K
94,Self-emp-inc,Some-college,4,Married-civ-spouse,Handlers-cleaners,Not-in-family,Asian-Pac-Islander,Male,893,1478,27,Japan,>50K
43,Without-pay,Some-college,3,Never-married,Armed-Forces,Wife,Other,Female,901,121,28,Thailand,>50K
21,State-gov,Assoc-acdm,2,Married-spouse-absent,Exec-managerial,Not-in-family,Other,Male,4257,2908,54,South,<=50K
81,Without-pay,9th,15,Married-spouse-absent,Tech-support,Husband,White,Female,4827,3155,6,England,>50K
52,Self-emp-inc,12th,11,Separated,Transport-moving,Unmarried,Asian-Pac-Islander,Female,8508,4856,73,El-Salvador,<=50K
31,Self-emp-not-inc,7th-8th,6,Widowed,Transport-moving,Other-relative,Other,Female,5563,3075,34,Holand-Netherlands,>50K
93,Self-emp-not-inc,Masters,4,Widowed,Exec-managerial,Not-in-family,Asian-Pac-Islander,Male,9399,3583,30,Poland,>50K
79,Local-gov,Prof-school,12,Separated,Machine-op-inspct,Husband,Black,Female,7525,2956,51,Ireland,>50K
43,Self-emp-inc,1st-4th,1,Never-married,Sales,Own-child,White,Male,2546,2883,15,Italy,>50K
72,Self-emp-inc,Masters,6,Married-civ-spouse,Adm-clerical,Other-relative,Asian-Pac-Islander,Female,3087,3823,84,Greece,<=50K
57,Never-worked,7th-8th,4,Separated,Protective-serv,Not-in-family,Amer-Indian-Eskimo,Male,3134,2144,33,Puerto-Rico,<=50K
57,Self-emp-inc,Assoc-voc,12,Widowed,Protective-serv,Not-in-family,Other,Male,6807,3886,77,Philippines,<=50K
95,Without-pay,Prof-school,4,Widowed,Exec-managerial,Other-relative,Amer-Indian-Eskimo,Female,4765,2445,8,China,>50K
64,State-gov,HS-grad,5,Never-married,Prof-specialty,Own-child,Other,Male,7056,1874,42,Honduras,<=50K
56,State-gov,Assoc-voc,3,Married-civ-spouse,Protective-serv,Husband,Asian-Pac-Islander,Male,5225,2809,48,England,>50K
60,Federal-gov,1st-4th,14,Married-AF-spouse,Handlers-cleaners,Other-relative,Asian-Pac-Islander,Female,7281,4669,15,Ireland,>50K
56,Self-emp-not-inc,11th,14,Never-married,Craft-repair,Own-child,Other,Female,224,2081,49,Nicaragua,<=50K
